Number of Search Results,budget,homepage,imdb_id,overview,popularity,release_date,revenue,runtime,title_query,vote_average,vote_count
1,0.0,https://www.netflix.com/title/80239932,tt9170648,"Trevor Noah gets out from behind the ""Daily Show"" desk and takes the stage for a stand-up special that touches on racism, immigration, camping and more.",3.145,2018-11-20,0.0,63.0,Trevor Noah: Son of Patricia,7.1,35.0
1,38000000.0,http://www.foxmovies.com/movies/captain-underpants-the-first-epic-movie,tt2091256,"Two mischievous kids hypnotize their mean elementary school principal and turn him into their comic book creation, the kind-hearted and elastic-banded Captain Underpants.",11.473,2017-06-01,125289450.0,89.0,Captain Underpants: The First Epic Movie,6.0,565.0
1,0.0,http://www.netflix.com/savingcapitalism,tt6185286,Former Secretary of Labor Robert Reich meets with Americans from all walks of life as he chronicles a seismic shift in the nation's economy.,1.285,2017-11-21,0.0,73.0,Saving Capitalism,7.1,17.0
1,0.0,,tt3762912,Controversial hedge fund titan Bill Ackman is on a crusade to expose global nutritional giant Herbalife as the largest pyramid scheme in history while Herbalife execs claim Ackman is a market manipulator out to bankrupt them and make a killing off his billion dollar short.,2.099,2017-03-17,0.0,99.0,Betting on Zero,7.4,45.0
1,100000.0,https://invisiblemoneydocumentary.wordpress.com/,tt5033790,"Not since the invention of the Internet has there been such a disruptive technology as Bitcoin. Bitcoin's early pioneers sought to blur the lines of sovereignty and the financial status quo. After years of underground development Bitcoin grabbed the attention of a curious public, and the ire of the regulators the technology had subverted. After landmark arrests of prominent cyber criminals Bitcoin faces its most severe adversary yet, the very banks it was built to destroy.",2.766,2016-12-30,0.0,90.0,Banking on Bitcoin,6.5,54.0
1,0.0,,tt6714534,"From his days of testifying at the Watergate hearings to advising recent presidential candidate Donald Trump, Roger Stone has long offended people on both sides of the political fence as a force in conservative America. Outspoken author, pundit, ahead of his time election strategist, this is his story.",2.121,2017-04-23,0.0,100.0,Get Me Roger Stone,7.1,56.0
7,25000000.0,http://thefounderfilm.com/,tt4276820,"The true story of how Ray Kroc, a salesman from Illinois, met Mac and Dick McDonald, who were running a burger operation in 1950s Southern California. Kroc was impressed by the brothers’ speedy system of making the food and saw franchise potential. He maneuvered himself into a position to be able to pull the company from the brothers and create a billion-dollar empire.",13.913,2016-09-13,23964782.0,115.0,The Founder,7.0,2015.0
1,0.0,,tt2545118,"Notorious killer whale Tilikum is responsible for the deaths of three individuals, including a top killer whale trainer. Blackfish shows the sometimes devastating consequences of keeping such intelligent and sentient creatures in captivity.",6.375,2013-06-07,2063312.0,83.0,Blackfish,8.0,660.0
1,0.0,https://www.tf1.fr/tf1/elections/videos/emmanuel-macron-coulisses-d-une-victoire.html,tt6866918,"Deputy General Secretary at the Elysée to candidate for the presidency of the Republic, the novice in politics went from the shadows to the light in a very short time. For 200 days, our cameras followed him behind the scenes of his campaign and his exceptional ascent. For eight months we were the only ones allowed to follow the candidate Emmanuel Macron with our camera behind the scenes of this exceptional campaign. From the announcement of his candidature until his election on May 7, we propose you an exclusive documentary allowing you to live from inside the campaign of Emmanuel Macron in the manner of a political thriller.",1.841,2017-05-08,0.0,90.0,Emmanuel Macron: Behind the Rise,6.7,21.0
1,0.0,https://www.netflix.com/title/80134781,tt6900644,"Comic Hasan Minhaj of ""The Daily Show"" shares personal stories about racism, immigrant parents, prom night horrors and more in this stand-up special.",4.018,2017-05-23,0.0,72.0,Hasan Minhaj: Homecoming King,7.9,58.0
1,0.0,https://www.netflix.com/title/80133552,tt6822400,"Comedian Vir Das tackles nationalism, globalism, good food and bad politics in two cleverly crosscut performances in New York and New Delhi.",1.92,2017-04-25,0.0,65.0,Vir Das: Abroad Understanding,6.6,17.0
1,175000000.0,http://movies.disney.com/the-jungle-book-2016,tt3040964,"A man-cub named Mowgli fostered by wolves. After a threat from the tiger Shere Khan, Mowgli is forced to flee the jungle, by which he embarks on a journey of self discovery with the help of the panther, Bagheera and the free-spirited bear, Baloo.",21.091,2016-04-07,966550600.0,106.0,The Jungle Book (2016),6.8,5101.0
0,,,,,,,,,BoJack Horseman Christmas Special: Sabrina's Christmas Wish,,
20,0.0,,tt5895028,An in-depth look at the prison system in the United States and how it reveals the nation's history of racial inequality.,5.072,2016-10-07,0.0,100.0,13TH,8.0,261.0
2,25000000.0,,tt0477348,"Llewelyn Moss stumbles upon dead bodies, $2 million and a hoard of heroin in a Texas desert, but methodical killer Anton Chigurh comes looking for it, with local sheriff Ed Tom Bell hot on his trail. The roles of prey and predator blur as the violent pursuit of money and justice collide.",17.573,2007-11-08,171627166.0,122.0,No Country for Old Men,7.9,5749.0
1,0.0,http://www.magpictures.com/stevejobsthemaninthemachine/,tt4425064,"When Steve Jobs died the world wept. But what accounted for the grief of millions of people who didn’t know him? This evocative film navigates Jobs' path from a small house in the suburbs, to zen temples in Japan, to the CEO's office of the world's richest company, exploring how Jobs’ life and work shaped our relationship with the computer. The Man in the Machine is a provocative and sometimes startling re-evaluation of the legacy of an icon.",4.057,2015-08-07,494506.0,129.0,Steve Jobs: The Man in the Machine,6.5,166.0
20,103000000.0,,tt0172495,"In the year 180, the death of emperor Marcus Aurelius throws the Roman Empire into chaos.  Maximus is one of the Roman army's most capable and trusted generals and a key advisor to the emperor.  As Marcus' devious son Commodus ascends to the throne, Maximus is set to be executed.  He escapes, but is captured by slave traders.  Renamed Spaniard and forced to become a gladiator, Maximus must battle to the death with other men for the amusement of paying audiences.",20.256,2000-05-01,457640427.0,155.0,Gladiator,8.1,9424.0
1,0.0,,tt3345310,"David Blaine's signature brand of street magic mystifies the most recognisable celebrities in the world, such as Jamie Foxx, Bryan Cranston, Aaron Paul, Ricky Gervais, Katy Perry, Woody Allen, and Robert DeNiro, to name a few. He goes to the homes of Kanye West and Harrison Ford, Will Smith and Olivia Wilde. He pays a visit to Stephen Hawking at his office in Cambridge University. Blaine also travels the world, astonishing people from all walks of life with never-before seen, inconceivable magic.",4.387,2013-11-19,0.0,63.0,David Blaine: Real or Magic?,6.8,50.0
3,20000000.0,https://www.netflix.com/title/80075476,tt4936176,Eager contestants don big heads and furry suits to vie for the title of World's Best Mascot.,4.494,2016-10-11,0.0,89.0,Mascots,5.6,93.0
1,0.0,,tt5235348,Before he lost his sight. Before he pledged his service to Kublai Khan. Hundred Eyes saw what made him into the deadly assassin who trains Marco Polo.,3.356,2015-12-26,0.0,28.0,Marco Polo: One Hundred Eyes,7.2,57.0
1,0.0,,tt5001772,"For Justin Timberlake it's the final two dates of his 20/20 Experience World Tour at the MGM Grand Garden Arena in Las Vegas. Surrounded by the 25 band members of The Tennessee Kids and featuring show-stopping performances from one of the highest-grossing tours of the decade, the film is a culmination of the singer’s 134 shows and 2 years on the road.",2.534,2016-09-13,0.0,90.0,Justin Timberlake + the Tennessee Kids,7.9,24.0
5,0.0,https://www.netflix.com/title/80057691,tt4855748,"XOXO follows six strangers whose lives collide in one frenetic, dream-chasing, hopelessly romantic night.",4.976,2016-08-26,0.0,92.0,XOXO,5.9,369.0
3,10000000.0,,tt0105236,"A botched robbery indicates a police informant, and the pressure mounts in the aftermath at a warehouse. Crime begets violence as the survivors -- veteran Mr. White, newcomer Mr. Orange, psychopathic parolee Mr. Blonde, bickering weasel Mr. Pink and Nice Guy Eddie -- unravel.",16.452,1992-09-02,0.0,99.0,Reservoir Dogs,8.2,6916.0
4,8000000.0,,tt0110912,"A burger-loving hit man, his philosophical partner, a drug-addled gangster's moll and a washed-up boxer converge in this sprawling, comedic crime caper. Their adventures unfurl in three stories that ingeniously trip back and forth in time.",28.799,1994-09-10,213928762.0,154.0,Pulp Fiction,8.4,14802.0
1,100000000.0,http://unchainedmovie.com/,tt1853728,"With the help of a German bounty hunter, a freed slave sets out to rescue his wife from a brutal Mississippi plantation owner.",25.085,2012-12-25,425368238.0,165.0,Django Unchained,8.0,15312.0
5,12000000.0,,tt0112697,"Shallow, rich and socially successful Cher is at the top of her Beverly Hills high school's pecking scale. Seeing herself as a matchmaker, Cher first coaxes two teachers into dating each other. Emboldened by her success, she decides to give hopelessly klutzy new student Tai a makeover. When Tai becomes more popular than she is, Cher realizes that her disapproving ex-stepbrother was right about how misguided she was -- and falls for him.",9.261,1995-07-19,56631572.0,97.0,Clueless,7.2,1778.0
3,28000000.0,http://www.thebigshortmovie.com,tt1596363,The men who made millions from a global economic meltdown.,17.455,2015-12-11,133346506.0,131.0,The Big Short,7.3,4512.0
1,50000000.0,,tt0427229,"Tripp, an attractive man in his thirties, is still living with his parents Al and Sue. Tripp's best friends Demo and Ace are also still living in their parents' homes and seem proud of it. Al and Sue are not happy, however, and are fascinated when friends whose adult son has recently moved away from home reveal they hired an expert to arrange the matter and couldn't be happier with the result.",10.409,2006-03-10,128406887.0,97.0,Failure to Launch,5.6,763.0
3,39000000.0,,tt0094898,"Prince Akeem, heir to the throne of Zamunda, leaves the tropical paradise kingdom in search of his queen. What better place than Queens, New York, to find his bride? Joined by his loyal servant and friend, Semmi, Akeem attempts to blend in as an ordinary American and begin his search.",14.905,1988-06-29,288752301.0,116.0,Coming to America,6.6,1754.0
2,5000000.0,,tt1541160,A man caught in the middle of two simultaneous robberies at a bank desperately tries to protect the teller with whom he's secretly in love.,24.71,2011-08-19,3142154.0,87.0,Flypaper,6.3,390.0
20,44000000.0,,tt2788710,"Dave Skylark and his producer Aaron Rapaport run the celebrity tabloid show ""Skylark Tonight"". When they land an interview with a surprise fan, North Korean dictator Kim Jong-un, they are recruited by the CIA to turn their trip to Pyongyang into an assassination mission.",13.481,2014-12-25,12342632.0,112.0,The Interview,6.2,3499.0
0,,,,,,,,,Samurai Champloo: Unholy Union,,
1,10000000.0,http://www.miramax.com/movie/good-will-hunting,tt0119217,"Will Hunting has a genius-level IQ but chooses to work as a janitor at MIT. When he solves a difficult graduate-level math problem, his talents are discovered by Professor Gerald Lambeau, who decides to help the misguided youth reach his potential. When Will is arrested for attacking a police officer, Professor Lambeau makes a deal to get leniency for him if he will get treatment from therapist Sean Maguire.",16.772,1997-12-05,225933435.0,127.0,Good Will Hunting,8.1,5528.0
5,0.0,,tt2107835,"Feature film from award-winning writer/director Patrik-Ian Polk, tells the story of five black Brown University classmate s- four gay men and one lesbian - reuniting in the Big Apple for a weekend of sin, fun, secrets, lies and drama.",0.6,2012-02-10,0.0,103.0,The Skinny,6.0,6.0
1,20000000.0,,tt0795461,"Home with their newly-formed family, happy parents Dan and Jody are haunted by sinister, paranormal activities. Determined to expel the insidious force, they install security cameras and discover their family is being stalked by an evil dead demon.",12.889,2013-04-11,78378744.0,86.0,Scary Movie 5,4.7,1444.0
1,0.0,,tt3068252,"Ho Ho Ho! Thomas is full steam ahead as a Really Useful Reindeer, saving the day by guiding Santa's sleigh straight to the Sodor Christmas celebration! When snowfall transforms the island of Sodor into a winter wonderland, Thomas discovers that being safe is the best route to holiday fun. Percy makes everyone's Christmas wishes come true and Gordon discovers his friends' special skills are the gifts that keep on giving, all year long! Thomas delivers the true spirit of the season as Santa's Little Engine! Features the episodes: Santa's Little Engine, No Snow for Thomas, Frozen Turntable, The Missing Christmas Decorations and Snow Tracks.",0.666,2013-10-08,0.0,50.0,Thomas & Friends: Santa's Little Engine,5.0,2.0
1,10000000.0,,tt0424279,"Santa Claus, Mickey Mouse and all his Disney pals star in an original movie about the importance of opening your heart to the true spirit of Christmas. Stubborn old Donald tries in vain to resist the joys of the season, and Mickey and Pluto learn a great lesson about the power of friendship.",7.198,2004-01-01,0.0,68.0,Mickey's Twice Upon a Christmas,6.9,164.0
5,60000000.0,http://www.italianjobmovie.com/,tt0317740,"Charlie Croker pulled off the crime of a lifetime. The one thing that he didn't plan on was being double-crossed. Along with a drop-dead gorgeous safecracker, Croker and his team take off to re-steal the loot and end up in a pulse-pounding, pedal-to-the-metal chase that careens up, down, above and below the streets of Los Angeles.",14.248,2003-05-30,176070171.0,110.0,The Italian Job,6.7,3002.0
1,190000000.0,,tt1408101,"When the crew of the Enterprise is called back home, they find an unstoppable force of terror from within their own organization has detonated the fleet and everything it stands for, leaving our world in a state of crisis.  With a personal score to settle, Captain Kirk leads a manhunt to a war-zone world to capture a one man weapon of mass destruction. As our heroes are propelled into an epic chess game of life and death, love will be challenged, friendships will be torn apart, and sacrifices must be made for the only family Kirk has left: his crew.",20.02,2013-05-05,467365246.0,132.0,Star Trek Into Darkness,7.4,6070.0
3,200000000.0,http://www.skyfall-movie.com,tt1074638,"When Bond's latest assignment goes gravely wrong and agents around the world are exposed, MI6 is attacked forcing M to relocate the agency. These events cause her authority and position to be challenged by Gareth Mallory, the new Chairman of the Intelligence and Security Committee. With MI6 now compromised from both inside and out, M is left with one ally she can trust: Bond. 007 takes to the shadows - aided only by field agent, Eve - following a trail to the mysterious Silva, whose lethal and hidden motives have yet to reveal themselves.",23.545,2012-10-25,1108561013.0,143.0,Skyfall,7.1,10269.0
1,4000000.0,,tt0085549,The popular 1980’s dance movie that depicts the life of an exotic dancer with a side job as a welder who true desire is to get into ballet school. It’s her dream to be a professional dancer and now is her chance. The film has a great soundtrack with an Oscar winning song.,25.448,1983-04-14,92921203.0,95.0,Flashdance,6.3,614.0
2,6000000.0,http://www.paramount.com/movies/ferris-buellers-day,tt0091042,"A high school slacker pretends to be sick to skip school and have an exciting day off alongside his girlfriend and his best buddy through Chicago, while trying to outwit his obsessive school principal and his unconformited sister along the way.",10.877,1986-06-11,70136369.0,103.0,Ferris Bueller's Day Off,7.6,2355.0
2,70000000.0,,tt2302755,"When the White House (Secret Service Code: ""Olympus"") is captured by a terrorist mastermind and the President is kidnapped, disgraced former Presidential guard Mike Banning finds himself trapped within the building. As the national security team scrambles to respond, they are forced to rely on Banning's inside knowledge to help retake the White House, save the President and avert an even bigger disaster.",17.303,2013-03-20,161025640.0,120.0,Olympus Has Fallen,6.2,4015.0
1,0.0,,,"Chipotle is a company that broke all the fast food rules, turning a small eatery into an $11 billion, 14,000-store chain. Bloomberg television takes you behind the counter to see how this increasingly popular company keep customers lining up.",0.6,2014-03-12,0.0,25.0,Inside: Chipotle,0.0,0.0
1,0.0,http://inequalityforall.com/,tt2215151,U.S. Labor Secretary Robert Reich tries to raise awareness of the country's widening economic gap.,3.932,2013-01-19,0.0,88.0,Inequality for All,7.7,61.0
0,,,,,,,,,House of Cards: Season 1 (Recap),,
20,40000000.0,http://www.sonypictures.com/movies/rent/,tt0294870,"This rock opera tells the story of one year in the life of a group of bohemians struggling in modern day East Village, New York, USA. The story centers around Mark and Roger, two roommates. While a former tragedy has made Roger numb to life, Mark tries to capture it through his attempts to make a film. In the year that follows, the group deals with love, loss, HIV/AIDS, and modern day life.",20.963,2005-11-17,31670620.0,135.0,Rent,6.9,283.0
20,220000000.0,http://marvel.com/avengers_movie/,tt0848228,"When an unexpected enemy emerges and threatens global safety and security, Nick Fury, director of the international peacekeeping agency known as S.H.I.E.L.D., finds himself in need of a team to pull the world back from the brink of disaster. Spanning the globe, a daring recruitment effort begins!",74.008,2012-04-25,1519557910.0,143.0,The Avengers,7.6,18827.0
