Title,Date
"Dating Around: Season 1: Gurki","3/3/19"
"Dating Around: Season 1: Luke","3/3/19"
"The Umbrella Academy: Season 1: We Only See Each Other at Weddings and Funerals","2/19/19"
"Trevor Noah: Son of Patricia","11/23/18"
"American Vandal: Season 1: Nailed","11/19/18"
"American Vandal: Season 1: A Limp Alibi","11/19/18"
"American Vandal: Season 1: Hard Facts: Vandalism and Vulgarity","11/18/18"
"American Vandal: Season 2: The Brownout","11/18/18"
"The Office (U.S.): Season 6: Niagara: Part 1","9/29/18"
"The Office (U.S.): Season 7: Goodbye, Michael","7/7/18"
"The Office (U.S.): Season 7: Search Committee: Part 2","7/7/18"
"The Office (U.S.): Season 5: Cafe Disco","7/7/18"
"The Office (U.S.): Season 5: Casual Friday","7/7/18"
"The Office (U.S.): Season 5: Broke","7/7/18"
"Parks and Recreation: Season 5: Halloween Surprise","7/7/18"
"Parks and Recreation: Season 5: Sex Education","7/7/18"
"Parks and Recreation: Season 5: How a Bill Becomes a Law","7/7/18"
"Parks and Recreation: Season 4: Born & Raised","7/7/18"
"Parks and Recreation: Season 4: Ron and Tammys","7/7/18"
"Captain Underpants: The First Epic Movie","6/7/18"
"Black Mirror: Season 4: Black Museum","4/27/18"
"Black Mirror: Season 4: Metalhead","4/22/18"
"Black Mirror: Season 4: Hang the DJ","4/22/18"
"Black Mirror: Season 4: Crocodile","4/8/18"
"Black Mirror: Season 4: Arkangel","4/8/18"
"Altered Carbon: Season 1: The Killers","3/24/18"
"Altered Carbon: Season 1: Rage in Heaven","3/24/18"
"Altered Carbon: Season 1: Clash by Night","3/24/18"
"Altered Carbon: Season 1: Nora Inu","3/23/18"
"Altered Carbon: Season 1: Man with My Face","3/23/18"
"Altered Carbon: Season 1: The Wrong Man","3/18/18"
"Altered Carbon: Season 1: Force of Evil","3/18/18"
"Altered Carbon: Season 1: In a Lonely Place","3/18/18"
"Altered Carbon: Season 1: Fallen Angel","3/18/18"
"Altered Carbon: Season 1: Out of the Past","3/18/18"
"Black Mirror: Season 3: Hated in the Nation","3/16/18"
"Black Mirror: Season 3: Men Against Fire","3/11/18"
"Black Mirror: Season 3: San Junipero","3/11/18"
"Black Mirror: Season 3: Shut Up and Dance","3/1/18"
"Black Mirror: Season 3: Playtest","2/11/18"
"Black Mirror: Season 3: Nosedive","2/11/18"
"Black Mirror: Season 2: White Christmas","2/9/18"
"Black Mirror: Season 4: USS Callister","2/9/18"
"Black Mirror: Season 2: The Waldo Moment","2/2/18"
"Black Mirror: Season 2: White Bear","2/2/18"
"Black Mirror: Season 2: Be Right Back","1/28/18"
"The Blacklist: Season 4: Mr. Kaplan (No. 4): Conclusion","1/28/18"
"The Blacklist: Season 4: Mr. Kaplan (No. 4)","1/28/18"
"The Blacklist: Season 4: The Debt Collector (No. 46)","1/28/18"
"The Blacklist: Season 4: Dr. Bogdan Krilov (No. 29)","1/28/18"
"The Blacklist: Season 4: Philomena (No. 61)","1/28/18"
"Black Mirror: Season 1: The Entire History of You","1/27/18"
"Black Mirror: Season 1: Fifteen Million Merits","1/26/18"
"Black Mirror: Season 1: The National Anthem","1/22/18"
"The Blacklist: Season 4: Requiem","12/29/17"
"The Blacklist: Season 4: Dembe Zuma (No. 10)","12/17/17"
"The Blacklist: Season 4: The Apothecary (No. 59)","12/17/17"
"The Blacklist: Season 4: The Architect (No. 107)","12/16/17"
"The Blacklist: Season 4: Isabella Stone (No. 34)","12/16/17"
"The Blacklist: Season 4: Natalie Luca (No. 184)","12/16/17"
"Chelsea: Season 2 (2017): Dinner Party: Ending on a High Note","12/15/17"
"Narcos: Season 2: Al Fin Cayó!","12/9/17"
"Narcos: Season 2: Nuestra Finca","12/9/17"
"Narcos: Season 2: Exit El Patrón","12/9/17"
"Narcos: Season 2: Deutschland 93","12/7/17"
"Narcos: Season 2: Los Pepes","12/7/17"
"Saving Capitalism","12/7/17"
"Betting on Zero","12/7/17"
"The Blacklist: Season 4: The Harem (No. 102)","11/28/17"
"Narcos: Season 2: The Enemies of My Enemy","11/28/17"
"Marvel's The Punisher: Season 1: Kandahar","11/24/17"
"Marvel's The Punisher: Season 1: Two Dead Men","11/24/17"
"Marvel's The Punisher: Season 1: 3AM","11/18/17"
"Narcos: Season 2: The Good, The Bad, and The Dead","11/18/17"
"Narcos: Season 2: Our Man in Madrid","11/17/17"
"Stranger Things: Stranger Things 2: Chapter Two: Trick or Treat, Freak","11/11/17"
"Narcos: Season 2: Cambalache","11/7/17"
"The Blacklist: Season 4: The Forecaster (No. 163)","11/7/17"
"The Blacklist: Season 4: Lipet's Seafood Company (No. 111)","11/5/17"
"Narcos: Season 2: Free at Last","11/4/17"
"Narcos: Season 1: Despegue","11/4/17"
"Banking on Bitcoin","11/4/17"
"The Blacklist: Season 4: Dr. Adrian Shaw (No. 98): Conclusion","11/4/17"
"The Blacklist: Season 4: Dr. Adrian Shaw (No. 98)","11/4/17"
"The Blacklist: Season 4: The Thrushes (No. 53)","11/4/17"
"The Blacklist: Season 4: The Lindquist Concern (No. 105)","11/4/17"
"The Blacklist: Season 4: Gaia (No. 81)","11/3/17"
"The Blacklist: Season 4: Miles McGrath (No. 65)","11/3/17"
"Narcos: Season 1: La Catedral","10/28/17"
"Narcos: Season 1: La Gran Mentira","10/28/17"
"Narcos: Season 1: You Will Cry Tears of Blood","10/24/17"
"Narcos: Season 1: Explosivos","10/24/17"
"Narcos: Season 1: There Will Be a Future","10/24/17"
"Narcos: Season 1: The Palace in Flames","10/21/17"
"Narcos: Season 1: The Men of Always","10/21/17"
"Narcos: Season 1: The Sword of Simón Bolívar","10/17/17"
"Narcos: Season 1: Descenso","10/13/17"
"Queen of the South: Season 1: Cicatriz","10/7/17"
"Queen of the South: Season 1: Quinientos Mil","10/7/17"
"Queen of the South: Season 1: Punto Sin Retorno","10/7/17"
"Queen of the South: Season 1: Esta cosa nuestra","10/7/17"
"Queen of the South: Season 1: Toma todo lo que puedas","10/7/17"
"Queen of the South: Season 1: Billete De Magia","9/30/17"
"Queen of the South: Season 1: El Hombre Pájaro","9/30/17"
"Queen of the South: Season 1: El Engaño Como la Regla","9/27/17"
"Queen of the South: Season 1: Un alma, un mapa, a futuro","9/27/17"
"30 Rock: Season 1: Jack the Writer","9/23/17"
"30 Rock: Season 1: Blind Date","9/23/17"
"30 Rock: Season 1: The Aftermath","9/23/17"
"30 Rock: Season 1: Pilot","9/23/17"
"Boys Over Flowers: Volume 1: Episode 1","9/23/17"
"Friends: Season 1: The One with the Sonogram at the End","9/23/17"
"Friends: Season 1: The One Where Monica Gets a Roommate (Pilot)","9/23/17"
"The Blacklist: Season 4: Mato (No. 66)","9/23/17"
"The Blacklist: Season 4: Esteban (No. 79)","9/23/17"
"Narcos: Season 3: The Kingpin Strategy","9/6/17"
"Queen of the South: Season 1: Cuarenta Minutos","9/3/17"
"Queen of the South: Season 1: Piloto","9/3/17"
"Atypical: Season 1: The Silencing Properties of Snow","8/30/17"
"Atypical: Season 1: I Lost My Poor Meatball","8/30/17"
"Atypical: Season 1: The D-Train to Bone Town","8/30/17"
"Atypical: Season 1: That’s My Sweatshirt","8/30/17"
"Atypical: Season 1: A Nice Neutral Smell","8/30/17"
"Atypical: Season 1: Julia Says","8/29/17"
"Atypical: Season 1: A Human Female","8/29/17"
"Atypical: Season 1: Antarctica","8/29/17"
"Chelsea: Season 2 (2017): Dear India","8/29/17"
"Disjointed: Part 1: Omega Strain","8/29/17"
"Family Guy: Season 1: Chitty Chitty Death Bang","8/25/17"
"White Gold: Season 1: The Secret of Sales","8/22/17"
"White Gold: Season 1: Smell the Weakness","8/22/17"
"White Gold: Season 1: The Widow Maker","8/22/17"
"White Gold: Season 1: Close Encounters","8/21/17"
"White Gold: Season 1: Sexy Rollercoaster","8/21/17"
"White Gold: Season 1: Salesmen Are Like Vampires","8/21/17"
"Marvel's The Defenders: Limited Series: The Defenders","8/20/17"
"Marvel's The Defenders: Limited Series: Fish in the Jailhouse","8/20/17"
"Marvel's The Defenders: Limited Series: Ashes, Ashes","8/20/17"
"Marvel's The Defenders: Limited Series: Take Shelter","8/20/17"
"Marvel's The Defenders: Limited Series: Royal Dragon","8/20/17"
"Marvel's The Defenders: Limited Series: Worst Behavior","8/19/17"
"Marvel's The Defenders: Limited Series: Mean Right Hook","8/19/17"
"Marvel's The Defenders: Limited Series: The H Word","8/19/17"
"Get Me Roger Stone","8/18/17"
"Unbreakable Kimmy Schmidt: Season 3: Kimmy Bites an Onion!","8/18/17"
"Chelsea: Season 2 (2017): When Chelsea Met Harry","8/18/17"
"Chelsea: Season 2 (2017): The Future Is Now","8/17/17"
"Chelsea: Season 2 (2017): Let's Keep Moving Forward","8/17/17"
"The Founder","8/16/17"
"Wet Hot American Summer: Ten Years Later: Limited Series: End Summer Night's Dream","8/15/17"
"Wet Hot American Summer: Ten Years Later: Limited Series: Dance","8/15/17"
"Wet Hot American Summer: Ten Years Later: Limited Series: Rain","8/15/17"
"Wet Hot American Summer: Ten Years Later: Limited Series: King of Camp","8/15/17"
"Wet Hot American Summer: Ten Years Later: Limited Series: Lunch","8/15/17"
"Wet Hot American Summer: Ten Years Later: Limited Series: Tigerclaw","8/15/17"
"Wet Hot American Summer: Ten Years Later: Limited Series: Softball","8/15/17"
"Wet Hot American Summer: Ten Years Later: Limited Series: Reunion","8/14/17"
"Chelsea: Season 2 (2017): Dinner Party: Good Sports","8/11/17"
"Chelsea: Season 2 (2017): A Handler-maid's Tale","8/11/17"
"Chelsea: Season 2 (2017): Tear Down These Walls","8/11/17"
"Chelsea: Season 2 (2017): To England with Love","8/10/17"
"Chelsea: Season 2 (2017): Changing the Climate","8/10/17"
"Chelsea: Season 2 (2017): Beauty Pageants, Black-ish and Going Broke","8/10/17"
"Chelsea: Season 2 (2017): Scientologists and Pirates and Aliens, Oh My","8/9/17"
"GLOW: Season 1: Money’s in the Chase","8/7/17"
"GLOW: Season 1: The Liberal Chokehold","8/6/17"
"GLOW: Season 1: Maybe It’s All the Disco","8/6/17"
"GLOW: Season 1: Live Studio Audience","8/6/17"
"GLOW: Season 1: This Is One of Those Moments","8/6/17"
"GLOW: Season 1: Debbie Does Something","8/6/17"
"Unbreakable Kimmy Schmidt: Season 3: Kimmy and the Trolley Problem!","8/5/17"
"Unbreakable Kimmy Schmidt: Season 3: Kimmy Googles the Internet!","8/5/17"
"Unbreakable Kimmy Schmidt: Season 3: Kimmy Pulls Off a Heist!","8/5/17"
"Unbreakable Kimmy Schmidt: Season 3: Kimmy Goes to Church!","8/5/17"
"Unbreakable Kimmy Schmidt: Season 3: Kimmy Does a Puzzle!","8/5/17"
"Unbreakable Kimmy Schmidt: Season 3: Kimmy Learns About the Weather!","8/5/17"
"Unbreakable Kimmy Schmidt: Season 3: Kimmy Is a Feminist!","8/5/17"
"Unbreakable Kimmy Schmidt: Season 3: Kimmy Steps on a Crack!","8/5/17"
"Unbreakable Kimmy Schmidt: Season 3: Kimmy Goes to College!","8/5/17"
"Unbreakable Kimmy Schmidt: Season 3: Kimmy Can't Help You!","8/5/17"
"Chelsea: Season 2 (2017): Answer Me This","8/5/17"
"GLOW: Season 1: The Dusty Spur","8/5/17"
"GLOW: Season 1: The Wrath of Kuntar","8/5/17"
"GLOW: Season 1: Slouch. Submit.","8/5/17"
"GLOW: Season 1: Pilot","8/5/17"
"Ozark: Season 1: The Toll","8/4/17"
"Ozark: Season 1: Coffee, Black","8/4/17"
"Ozark: Season 1: Kaleidoscope","8/4/17"
"Ozark: Season 1: Nest Box","8/3/17"
"Ozark: Season 1: Book of Ruth","8/3/17"
"Ozark: Season 1: Tonight We Improvise","8/3/17"
"Ozark: Season 1: My Dripping Sleep","8/3/17"
"Ozark: Season 1: Blue Cat","8/2/17"
"Ozark: Season 1: Sugarwood","8/2/17"
"Master of None: Season 2: Buona Notte","7/31/17"
"Master of None: Season 2: Amarsi Un Po","7/31/17"
"Master of None: Season 2: Thanksgiving","7/31/17"
"Master of None: Season 2: Door #3","7/31/17"
"Master of None: Season 2: New York, I Love You","7/31/17"
"Santa Clarita Diet: Season 1: We Can Kill People","7/30/17"
"Santa Clarita Diet: Season 1: We Can't Kill People!","7/30/17"
"Santa Clarita Diet: Season 1: So Then a Bat or a Monkey","7/30/17"
"Unbreakable Kimmy Schmidt: Season 3: Kimmy's Roommate Lemonades!","7/30/17"
"Unbreakable Kimmy Schmidt: Season 3: Kimmy Gets Divorced?!","7/29/17"
"Unbreakable Kimmy Schmidt: Season 2: Kimmy Finds Her Mom!","7/29/17"
"Unbreakable Kimmy Schmidt: Season 2: Kimmy Sees a Sunset!","7/29/17"
"Unbreakable Kimmy Schmidt: Season 2: Kimmy Meets a Celebrity!","7/29/17"
"Unbreakable Kimmy Schmidt: Season 2: Kimmy Goes to Her Happy Place!","7/29/17"
"Unbreakable Kimmy Schmidt: Season 2: Kimmy Meets a Drunk Lady!","7/29/17"
"Unbreakable Kimmy Schmidt: Season 2: Kimmy Goes to a Hotel!","7/29/17"
"Unbreakable Kimmy Schmidt: Season 2: Kimmy Walks Into a Bar!","7/29/17"
"Unbreakable Kimmy Schmidt: Season 2: Kimmy Drives a Car!","7/28/17"
"Unbreakable Kimmy Schmidt: Season 2: Kimmy Gives Up!","7/28/17"
"Blackfish","7/27/17"
"Emmanuel Macron: Behind the Rise","7/25/17"
"Hasan Minhaj: Homecoming King","7/22/17"
"Vir Das: Abroad Understanding","7/22/17"
"The Office (U.S.): Season 5: Michael Scott Paper Company","7/20/17"
"The Office (U.S.): Season 5: Dream Team","7/20/17"
"The Office (U.S.): Season 6: New Leads","7/20/17"
"Unbreakable Kimmy Schmidt: Season 2: Kimmy Kidnaps Gretchen!","7/9/17"
"Unbreakable Kimmy Schmidt: Season 2: Kimmy Goes to a Play!","7/9/17"
"Unbreakable Kimmy Schmidt: Season 2: Kimmy Goes on a Playdate!","7/4/17"
"Unbreakable Kimmy Schmidt: Season 2: Kimmy Goes Roller Skating!","7/4/17"
"Unbreakable Kimmy Schmidt: Season 1: Kimmy Makes Waffles!","7/4/17"
"Unbreakable Kimmy Schmidt: Season 1: Kimmy Goes to Court!","7/4/17"
"Unbreakable Kimmy Schmidt: Season 1: Kimmy Rides a Bike!","7/4/17"
"Unbreakable Kimmy Schmidt: Season 1: Kimmy's in a Love Triangle!","6/30/17"
"Unbreakable Kimmy Schmidt: Season 1: Kimmy Has a Birthday!","6/25/17"
"Unbreakable Kimmy Schmidt: Season 1: Kimmy is Bad at Math!","6/25/17"
"Unbreakable Kimmy Schmidt: Season 1: Kimmy Goes to a Party!","6/25/17"
"Unbreakable Kimmy Schmidt: Season 1: Kimmy Goes to School!","6/25/17"
"Unbreakable Kimmy Schmidt: Season 1: Kimmy Kisses a Boy!","6/17/17"
"Unbreakable Kimmy Schmidt: Season 1: Kimmy Goes to the Doctor!","6/16/17"
"Unbreakable Kimmy Schmidt: Season 1: Kimmy Goes on a Date!","6/10/17"
"Unbreakable Kimmy Schmidt: Season 1: Kimmy Gets a Job!","6/10/17"
"Unbreakable Kimmy Schmidt: Season 1: Kimmy Goes Outside!","6/10/17"
"House of Cards: Season 5: Chapter 60","6/4/17"
"House of Cards: Season 5: Chapter 59","6/4/17"
"House of Cards: Season 5: Chapter 58","6/4/17"
"House of Cards: Season 5: Chapter 57","6/4/17"
"House of Cards: Season 5: Chapter 56","6/4/17"
"House of Cards: Season 5: Chapter 55","6/4/17"
"House of Cards: Season 5: Chapter 54","6/3/17"
"House of Cards: Season 5: Chapter 53","6/3/17"
"Portlandia: Season 1: Mayor Is Missing","5/27/17"
"Portlandia: Season 1: Aimee","5/27/17"
"Parks and Recreation: Season 7: One Last Ride","5/20/17"
"Parks and Recreation: Season 7: Two Funerals","5/19/17"
"Parks and Recreation: Season 7: The Johnny Karate Super Awesome Musical Explosion Show","5/19/17"
"Parks and Recreation: Season 7: Pie-Mary","5/19/17"
"Parks and Recreation: Season 7: Ms. Ludgate-Dwyer Goes to Washington","5/19/17"
"Parks and Recreation: Season 7: Donna & Joe","5/19/17"
"Parks and Recreation: Season 7: Save JJ's","5/19/17"
"Parks and Recreation: Season 7: Gryzzlbox","5/19/17"
"Parks and Recreation: Season 7: Leslie and Ron","5/19/17"
"Parks and Recreation: Season 7: William Henry Harrison","5/19/17"
"Parks and Recreation: Season 7: Ron & Jammy","5/19/17"
"Parks and Recreation: Season 7: 2017","5/19/17"
"Parks and Recreation: Season 6: Moving Up","5/14/17"
"Parks and Recreation: Season 6: One in 8,000","5/14/17"
"Parks and Recreation: Season 6: Flu Season 2","5/14/17"
"Parks and Recreation: Season 6: Prom","5/14/17"
"Parks and Recreation: Season 6: Galentine's Day","5/14/17"
"Parks and Recreation: Season 6: New Slogan","5/14/17"
"Parks and Recreation: Season 6: The Wall","5/14/17"
"Parks and Recreation: Season 6: Anniversaries","5/14/17"
"Parks and Recreation: Season 6: Ann and Chris","5/14/17"
"Parks and Recreation: Season 6: Farmers Market","5/14/17"
"Parks and Recreation: Season 6: New Beginnings","5/14/17"
"Parks and Recreation: Season 6: Second Chunce","5/14/17"
"Parks and Recreation: Season 6: The Cones of Dunshire","5/14/17"
"Parks and Recreation: Season 6: Fluoride","5/14/17"
"Parks and Recreation: Season 6: Recall Vote","5/14/17"
"Parks and Recreation: Season 6: Filibuster","5/14/17"
"Parks and Recreation: Season 6: Gin It Up!","5/14/17"
"Parks and Recreation: Season 6: Doppelgängers","5/14/17"
"Parks and Recreation: Season 6: The Pawnee-Eagleton Tip Off Classic","5/14/17"
"Parks and Recreation: Season 6: London: Parts 1 & 2","5/14/17"
"Parks and Recreation: Season 5: Are You Better Off?","5/14/17"
"Parks and Recreation: Season 5: Swing Vote","5/14/17"
"Parks and Recreation: Season 5: Jerry's Retirement","5/14/17"
"Parks and Recreation: Season 5: Article Two","5/14/17"
"Parks and Recreation: Season 5: Animal Control","5/14/17"
"Parks and Recreation: Season 5: Partridge","5/14/17"
"Parks and Recreation: Season 5: Bailout","5/14/17"
"Parks and Recreation: Season 5: Correspondents' Lunch","5/13/17"
"Parks and Recreation: Season 5: Leslie and Ben","5/13/17"
"Parks and Recreation: Season 5: Emergency Response","5/13/17"
"Parks and Recreation: Season 5: Ann's Decision","5/13/17"
"Parks and Recreation: Season 5: Women in Garbage","5/13/17"
"Parks and Recreation: Season 5: Two Parties","5/12/17"
"Parks and Recreation: Season 5: Ron and Diane","5/12/17"
"Parks and Recreation: Season 5: Pawnee Commons","5/12/17"
"Parks and Recreation: Season 5: Leslie vs. April","5/12/17"
"Parks and Recreation: Season 5: Ben's Parents","5/10/17"
"Parks and Recreation: Season 5: Soda Tax","4/29/17"
"Parks and Recreation: Season 5: Ms. Knope Goes to Washington","4/29/17"
"Parks and Recreation: Season 4: Win, Lose, or Draw","4/29/17"
"Parks and Recreation: Season 4: Bus Tour","4/29/17"
"Parks and Recreation: Season 4: The Debate","4/29/17"
"Parks and Recreation: Season 4: Live Ammo","4/28/17"
"Parks and Recreation: Season 4: Lucky","4/28/17"
"Parks and Recreation: Season 4: Campaign Shake-Up","4/28/17"
"Parks and Recreation: Season 4: Sweet Sixteen","4/28/17"
"Parks and Recreation: Season 4: Dave Returns","4/28/17"
"Parks and Recreation: Season 4: Operation Ann","4/28/17"
"Parks and Recreation: Season 4: Bowling for Votes","4/28/17"
"Dave Chappelle: Collection: The Age of Spin: Dave Chappelle Live at The Hollywood Palladium","4/23/17"
"Parks and Recreation: Season 4: Campaign Ad","4/23/17"
"Parks and Recreation: Season 4: The Comeback Kid","4/23/17"
"Parks and Recreation: Season 4: Citizen Knope","4/23/17"
"Parks and Recreation: Season 4: The Trial of Leslie Knope","4/23/17"
"Parks and Recreation: Season 4: Smallest Park","4/23/17"
"Parks and Recreation: Season 4: The Treaty","4/23/17"
"Parks and Recreation: Season 4: End of the World","4/23/17"
"Parks and Recreation: Season 4: Meet 'n' Greet","4/23/17"
"Parks and Recreation: Season 4: Pawnee Rangers","4/23/17"
"Parks and Recreation: Season 4: I'm Leslie Knope","4/22/17"
"Parks and Recreation: Season 3: Li'l Sebastian","4/22/17"
"Parks and Recreation: Season 3: The Bubble","4/22/17"
"Parks and Recreation: Season 3: Road Trip","4/22/17"
"Parks and Recreation: Season 3: The Fight","4/20/17"
"Parks and Recreation: Season 3: Eagleton","4/20/17"
"30 Rock: Season 7: Hogcock! / Last Lunch","4/16/17"
"30 Rock: Season 7: A Goon's Deed in a Weary World","4/16/17"
"30 Rock: Season 7: Florida","4/16/17"
"30 Rock: Season 7: Game Over","4/16/17"
"30 Rock: Season 7: My Whole Life Is Thunder","4/16/17"
"30 Rock: Season 7: Mazel Tov, Dummies!","4/16/17"
"30 Rock: Season 7: Aunt Phatso vs. Jack Donaghy","4/16/17"
"30 Rock: Season 7: There's No I in America","4/15/17"
"30 Rock: Season 7: Unwindulax","4/15/17"
"30 Rock: Season 7: Stride of Pride","4/15/17"
"30 Rock: Season 7: Governor Duston","4/15/17"
"30 Rock: Season 7: The Beginning of the End","4/15/17"
"30 Rock: Season 6: What Will Happen to the Gang Next Year?","4/15/17"
"30 Rock: Season 6: The Return of Avery Jessup","4/15/17"
"30 Rock: Season 6: Queen of Jordan 2: The Mystery of the Phantom Pooper","4/15/17"
"The Get Down: Part 2: Only from Exile Can We Come Home","4/14/17"
"The Get Down: Part 2: One by One, Into the Dark","4/14/17"
"The Get Down: Part 2: The Beat Says, This Is the Way","4/14/17"
"30 Rock: Season 6: Live From Studio 6H (East Coast Version)","4/11/17"
"30 Rock: Season 6: Murphy Brown Lied to Us","4/11/17"
"Marvel's Iron Fist: Season 1: Snow Gives Way","4/11/17"
"The Get Down: Part 2: Unfold Your Own Myth","4/9/17"
"30 Rock: Season 6: Meet the Woggels!","3/12/17"
"30 Rock: Season 6: Nothing Left to Lose","3/12/17"
"30 Rock: Season 6: The Shower Principle","3/12/17"
"30 Rock: Season 6: Kidnapped by Danger","3/12/17"
"30 Rock: Season 6: Grandmentor","3/12/17"
"30 Rock: Season 6: St. Patrick's Day","3/12/17"
"30 Rock: Season 6: Standards and Practices","3/12/17"
"30 Rock: Season 6: Alexis Goodlooking and the Case of the Missing Whisky","3/12/17"
"30 Rock: Season 6: Leap Day","3/12/17"
"30 Rock: Season 6: The Tuxedo Begins","3/12/17"
"30 Rock: Season 6: Hey Baby, What's Wrong? Pts. 1 & 2","3/12/17"
"30 Rock: Season 6: Today You Are a Man","3/12/17"
"30 Rock: Season 6: The Ballad of Kenneth Parcell","3/11/17"
"30 Rock: Season 6: Idiots Are People Three!","3/11/17"
"30 Rock: Season 6: Idiots Are People Two!","3/11/17"
"30 Rock: Season 6: Dance Like Nobody's Watching","3/11/17"
"30 Rock: Season 5: Respawn","3/5/17"
"30 Rock: Season 5: Everything Sunny All the Time Always","3/5/17"
"30 Rock: Season 5: 100: Parts 1 & 2","3/5/17"
"30 Rock: Season 5: I Heart Connecticut","3/5/17"
"30 Rock: Season 5: Plan B","3/5/17"
"30 Rock: Season 5: Queen of Jordan","3/5/17"
"30 Rock: Season 5: TGS Hates Women","2/20/17"
"30 Rock: Season 5: It's Never Too Late for Now","2/20/17"
"30 Rock: Season 5: Double-Edged Sword","2/20/17"
"30 Rock: Season 5: ¡Qué Sorpresa!","2/20/17"
"30 Rock: Season 5: Operation Righteous Cowboy Lightning","2/19/17"
"30 Rock: Season 5: Mrs. Donaghy","2/19/17"
"30 Rock: Season 5: Christmas Attack Zone","2/18/17"
"30 Rock: Season 5: Chain Reaction of Mental Anguish","2/18/17"
"30 Rock: Season 5: College","2/18/17"
"30 Rock: Season 5: Brooklyn Without Limits","2/18/17"
"30 Rock: Season 5: Gentleman's Intermission","2/18/17"
"30 Rock: Season 5: Reaganing","2/18/17"
"30 Rock: Season 5: Live Show: East Coast Version","2/18/17"
"30 Rock: Season 5: Let's Stay Together","2/18/17"
"30 Rock: Season 5: When It Rains, It Pours","1/18/17"
"30 Rock: Season 5: The Fabian Strategy","1/18/17"
"30 Rock: Season 4: I Do I Do","1/18/17"
"30 Rock: Season 4: Emmanuelle Goes to Dinosaur Land","1/16/17"
"30 Rock: Season 4: The Moms","1/16/17"
"30 Rock: Season 4: Argus","1/16/17"
"30 Rock: Season 4: Khonani","1/16/17"
"30 Rock: Season 4: Lee Marvin vs. Derek Jeter","1/16/17"
"30 Rock: Season 4: Floyd","1/14/17"
"30 Rock: Season 4: Don Geiss, America, and Hope","1/14/17"
"30 Rock: Season 4: Future Husband","1/14/17"
"30 Rock: Season 4: Anna Howard Shaw Day","1/14/17"
"How to Get Away With Murder: Season 2: She's Dying","1/11/17"
"How to Get Away With Murder: Season 2: It's Time to Move On","1/11/17"
"How to Get Away With Murder: Season 1: It's All My Fault","1/11/17"
"How to Get Away With Murder: Season 1: The Night Lila Died","1/11/17"
"How to Get Away With Murder: Season 1: Mama's Here Now","1/11/17"
"30 Rock: Season 4: Verna","1/9/17"
"30 Rock: Season 4: Winter Madness","1/9/17"
"30 Rock: Season 4: Black Light Attack!","1/9/17"
"30 Rock: Season 4: Klaus and Greta","1/9/17"
"30 Rock: Season 4: Secret Santa","1/9/17"
"30 Rock: Season 4: Dealbreakers Talk Show #0001","1/9/17"
"30 Rock: Season 4: Sun Tea","1/9/17"
"30 Rock: Season 4: The Problem Solvers","1/9/17"
"How to Get Away With Murder: Season 1: She's a Murderer","1/8/17"
"How to Get Away With Murder: Season 1: Best Christmas Ever","1/7/17"
"How to Get Away With Murder: Season 1: Hello Raskolnikov","1/7/17"
"How to Get Away With Murder: Season 1: Kill Me, Kill Me, Kill Me","1/7/17"
"How to Get Away With Murder: Season 1: He Has a Wife","1/7/17"
"How to Get Away With Murder: Season 1: He Deserved to Die","1/7/17"
"How to Get Away With Murder: Season 1: Freakin' Whack-a-Mole","1/7/17"
"30 Rock: Season 4: Audition Day","1/7/17"
"30 Rock: Season 4: Stone Mountain","1/7/17"
"30 Rock: Season 4: Into the Crevasse","1/7/17"
"30 Rock: Season 4: Season Four","1/5/17"
"30 Rock: Season 3: Kidney Now!","1/5/17"
"30 Rock: Season 3: Mamma Mia","1/5/17"
"30 Rock: Season 3: The Natural Order","12/23/16"
"30 Rock: Season 3: The Ones","12/23/16"
"30 Rock: Season 3: Jackie Jormp-Jomp","12/23/16"
"30 Rock: Season 3: Cutbacks","12/23/16"
"30 Rock: Season 3: Apollo, Apollo","12/23/16"
"30 Rock: Season 3: The Bubble","12/23/16"
"30 Rock: Season 3: The Funcooker","12/22/16"
"The Cleveland Show: Season 1: Birth of a Salesman","12/21/16"
"The Cleveland Show: Season 1: The One About Friends","12/21/16"
"The Cleveland Show: Season 1: Da Daggone Daddy-Daughter Dinner Dance","12/21/16"
"The Cleveland Show: Season 1: Pilot","12/21/16"
"Marvel's Agents of S.H.I.E.L.D.: Season 3: Laws of Nature","12/21/16"
"The Jungle Book (2016)","12/21/16"
"30 Rock: Season 3: Goodbye, My Friend","12/21/16"
"30 Rock: Season 3: Larry King","12/21/16"
"30 Rock: Season 3: St. Valentine's Day","12/21/16"
"30 Rock: Season 3: Generalissimo","12/21/16"
"The Vampire Diaries: Season 7: Day One of Twenty-Two Thousand, Give or Take","12/20/16"
"30 Rock: Season 3: Retreat to Move Forward","12/19/16"
"30 Rock: Season 3: Flu Shot","12/19/16"
"Medici: Masters of Florence: Epiphany","12/19/16"
"Medici: Masters of Florence: Purgatory","12/19/16"
"How to Get Away With Murder: Season 1: We're Not Friends","12/19/16"
"30 Rock: Season 3: Senor Macho Solo","12/19/16"
"30 Rock: Season 3: Christmas Special","12/19/16"
"30 Rock: Season 3: Reunion","12/19/16"
"30 Rock: Season 3: Gavin Volure","12/17/16"
"30 Rock: Season 3: The One with the Cast of Night Court","12/17/16"
"30 Rock: Season 3: Believe in the Stars","12/17/16"
"Medici: Masters of Florence: Ascendancy","12/16/16"
"Medici: Masters of Florence: Temptation","12/14/16"
"30 Rock: Season 3: Do-Over","12/14/16"
"Medici: Masters of Florence: Judgment Day","12/14/16"
"30 Rock: Season 2: Cooter","12/13/16"
"30 Rock: Season 2: Sandwich Day","12/13/16"
"30 Rock: Season 2: Succession","12/13/16"
"Medici: Masters of Florence: Pestilence","12/13/16"
"Medici: Masters of Florence: The Dome and the Domicile","12/13/16"
"Medici: Masters of Florence: Original Sin","12/13/16"
"Hip-Hop Evolution: Season 1: The Birth of Gangsta Rap","12/11/16"
"Hip-Hop Evolution: Season 1: The New Guard","12/11/16"
"30 Rock: Season 2: Subway Hero","12/11/16"
"30 Rock: Season 2: MILF Island","12/11/16"
"How to Get Away With Murder: Season 1: Let's Get to Scooping","12/11/16"
"30 Rock: Season 2: Episode 210","12/10/16"
"30 Rock: Season 2: Ludachristmas","12/10/16"
"30 Rock: Season 2: Secrets and Lies","12/10/16"
"Hip-Hop Evolution: Season 1: The Underground to the Mainstream","12/10/16"
"Hip-Hop Evolution: Season 1: The Foundation","12/9/16"
"30 Rock: Season 2: Cougars","12/8/16"
"30 Rock: Season 2: Somebody to Love","12/8/16"
"30 Rock: Season 2: Greenzo","12/8/16"
"30 Rock: Season 2: Rosemary's Baby","12/8/16"
"30 Rock: Season 2: The Collection","12/8/16"
"30 Rock: Season 2: Jack Gets in the Game","12/8/16"
"30 Rock: Season 2: SeinfeldVision","12/8/16"
"30 Rock: Season 1: Hiatus","12/6/16"
"30 Rock: Season 1: Cleveland","12/6/16"
"30 Rock: Season 1: Corporate Crush","12/6/16"
"American Dad!: Season 1: Francine's Flashback","12/5/16"
"30 Rock: Season 1: Fireworks","12/4/16"
"How to Get Away With Murder: Season 1: Smile, or Go to Jail","12/4/16"
"F is for Family: Season 1: The Bleedin’ in Sweden","12/3/16"
"BoJack Horseman Christmas Special: Sabrina's Christmas Wish","12/3/16"
"BoJack Horseman: Season 3: That Went Well","12/3/16"
"How to Get Away With Murder: Season 1: It's All Her Fault","12/3/16"
"How to Get Away With Murder: Season 1: Pilot","12/3/16"
"BoJack Horseman: Season 3: That's Too Much, Man!","12/2/16"
"BoJack Horseman: Season 3: It's You","12/1/16"
"BoJack Horseman: Season 3: Best Thing That Ever Happened","12/1/16"
"BoJack Horseman: Season 3: Old Acquaintance","11/29/16"
"13TH","11/28/16"
"BoJack Horseman: Season 3: Stop the Presses","11/28/16"
"BoJack Horseman: Season 3: Brrap Brrap Pew Pew","11/28/16"
"BoJack Horseman: Season 3: Love And/Or Marriage","11/28/16"
"BoJack Horseman: Season 3: Fish Out Of Water","11/28/16"
"Parks and Recreation: Season 3: Jerry's Painting","11/27/16"
"Parks and Recreation: Season 3: Soulmates","11/27/16"
"Parks and Recreation: Season 3: Andy and April's Fancy Party","11/27/16"
"Parks and Recreation: Season 3: Camping","11/27/16"
"30 Rock: Season 1: The Fighting Irish","11/26/16"
"30 Rock: Season 1: The Source Awards","11/26/16"
"30 Rock: Season 1: Hard Ball","11/26/16"
"30 Rock: Season 1: The C Word","11/26/16"
"30 Rock: Season 1: Up All Night","11/26/16"
"30 Rock: Season 1: Black Tie","11/26/16"
"The Blacklist: Season 3: Alexander Kirk (No. 14): Conclusion","11/26/16"
"The Blacklist: Season 3: Alexander Kirk (No. 14)","11/26/16"
"The Blacklist: Season 3: Susan Hargrave","11/26/16"
"The Blacklist: Season 3: The Artax Network","11/26/16"
"The Blacklist: Season 3: Cape May","11/26/16"
"The Blacklist: Season 3: Mr. Solomon (No. 32): The Conclusion","11/26/16"
"The Blacklist: Season 3: Mr. Solomon (No. 32)","11/26/16"
"The Blacklist: Season 3: The Caretaker (No. 78)","11/26/16"
"The Blacklist: Season 3: Drexel (No. 113)","11/26/16"
"The Blacklist: Season 3: Lady Ambrosia (No. 77)","11/25/16"
"30 Rock: Season 1: The Head and the Hair","11/25/16"
"30 Rock: Season 1: The Rural Juror","11/25/16"
"The Blacklist: Season 3: Alistair Pitt (No. 103)","11/25/16"
"The Blacklist: Season 3: The Vehm (No. 132)","11/25/16"
"The Blacklist: Season 3: Mr. Gregory Devry (No. 95)","11/25/16"
"The Blacklist: Season 3: The Director (No. 24): Conclusion","11/24/16"
"The Blacklist: Season 3: The Director (No. 24)","11/24/16"
"The Blacklist: Season 3: Kings Of The Highway (No. 108)","11/23/16"
"The Blacklist: Season 3: Zal Bin Hasaan (No. 31)","11/23/16"
"The Blacklist: Season 3: Sir Crispin Crandall (No. 86)","11/23/16"
"The Blacklist: Season 3: Arioch Cain (No. 50)","11/23/16"
"The Blacklist: Season 3: The Djinn (No. 43)","11/23/16"
"BoJack Horseman: Season 3: BoJack Kills","11/23/16"
"BoJack Horseman: Season 3: The BoJack Horseman Show","11/23/16"
"The Blacklist: Season 3: Eli Matchett (No. 72)","11/23/16"
"The Blacklist: Season 3: Marvin Gerard (No. 80)","11/23/16"
"BoJack Horseman: Season 3: Start Spreading the News","11/23/16"
"BoJack Horseman: Season 2: Out to Sea","11/23/16"
"BoJack Horseman: Season 2: Escape from L.A.","11/21/16"
"BoJack Horseman: Season 2: Yes And","11/21/16"
"BoJack Horseman: Season 2: The Shot","11/21/16"
"No Country for Old Men","11/20/16"
"BoJack Horseman: Season 2: Let's Find Out","11/20/16"
"BoJack Horseman: Season 2: Hank After Dark","11/20/16"
"Steve Jobs: The Man in the Machine","11/19/16"
"BoJack Horseman: Season 2: Higher Love","11/19/16"
"BoJack Horseman: Season 2: Chickens","11/19/16"
"BoJack Horseman: Season 2: After the Party","11/19/16"
"BoJack Horseman: Season 2: Still Broken","11/19/16"
"BoJack Horseman: Season 2: Yesterdayland","11/19/16"
"BoJack Horseman: Season 2: Brand New Couch","11/18/16"
"BoJack Horseman: Season 1: Later","11/18/16"
"BoJack Horseman: Season 1: Downer Ending","11/18/16"
"BoJack Horseman: Season 1: One Trick Pony","11/18/16"
"BoJack Horseman: Season 1: Horse Majeure","11/18/16"
"BoJack Horseman: Season 1: The Telescope","11/17/16"
"BoJack Horseman: Season 1: Say Anything","11/17/16"
"BoJack Horseman: Season 1: Our A-Story Is a 'D' Story","11/17/16"
"BoJack Horseman: Season 1: Live Fast, Diane Nguyen","11/17/16"
"BoJack Horseman: Season 1: Zoës and Zeldas","11/15/16"
"BoJack Horseman: Season 1: Prickly-Muffin","11/14/16"
"BoJack Horseman: Season 1: BoJack Hates the Troops","11/14/16"
"BoJack Horseman: Season 1: BoJack Horseman: The BoJack Horseman Story, Chapter One","11/14/16"
"The Crown: Season 1: Wolferton Splash","11/14/16"
"Gladiator","11/13/16"
"Futurama: Season 1: I, Roommate","11/11/16"
"Futurama: Season 1: The Series Has Landed","11/11/16"
"Futurama: Season 1: Space Pilot 3000","11/11/16"
"The Blacklist: Season 3: The Troll Farmer (No. 38)","11/10/16"
"Family Guy: Season 1: I Never Met the Dead Man","11/9/16"
"David Blaine: Real or Magic?","11/9/16"
"The Crown: Season 1: Gloriana","11/6/16"
"The Crown: Season 1: Assassins","11/6/16"
"The Crown: Season 1: Pride & Joy","11/6/16"
"The Crown: Season 1: Scientia Potentia Est","11/6/16"
"The Crown: Season 1: Gelignite","11/6/16"
"The Crown: Season 1: Smoke and Mirrors","11/5/16"
"The Crown: Season 1: Act of God","11/5/16"
"The Crown: Season 1: Windsor","11/5/16"
"30 Rock: Season 1: The Baby Show","11/5/16"
"30 Rock: Season 1: The Break-up","11/5/16"
"30 Rock: Season 1: Tracy Does Conan","11/5/16"
"30 Rock: Season 1: Jack Meets Dennis","11/5/16"
"The Crown: Season 1: Hyde Park Corner","11/5/16"
"Family Guy: Season 1: Death Has a Shadow","11/2/16"
"Chelsea: Best of 2016: It Tears You Down, and Builds You","10/30/16"
"Spartacus: Blood and Sand: The Red Serpent","10/30/16"
"Marvel's Daredevil: Season 1: Into the Ring","10/30/16"
"Marvel's Luke Cage: Season 1: You Know My Steez","10/30/16"
"Marvel's Luke Cage: Season 1: Soliloquy of Chaos","10/29/16"
"Marvel's Luke Cage: Season 1: Now You're Mine","10/27/16"
"Marvel's Luke Cage: Season 1: Take It Personal","10/26/16"
"Marvel's Luke Cage: Season 1: DWYCK","10/26/16"
"Marvel's Luke Cage: Season 1: Blowin' Up the Spot","10/21/16"
"Mascots","10/21/16"
"Marco Polo: One Hundred Eyes","10/21/16"
"Marvel's Luke Cage: Season 1: Manifest","10/20/16"
"Justin Timberlake + the Tennessee Kids","10/19/16"
"Marvel's Luke Cage: Season 1: Suckas Need Bodyguards","10/18/16"
"Marvel's Luke Cage: Season 1: Just to Get a Rep","10/17/16"
"Marco Polo: Season 2: The Fellowship","10/17/16"
"Marco Polo: Season 2: Heirs","10/16/16"
"Marco Polo: Season 2: Whitehorse","10/16/16"
"Marco Polo: Season 2: Lost Crane","10/16/16"
"Marco Polo: Season 2: Serpent's Terms","10/16/16"
"White Collar: Season 6: Au Revoir","10/15/16"
"White Collar: Season 6: Whack-A-Mole","10/15/16"
"White Collar: Season 6: All's Fair","10/15/16"
"White Collar: Season 6: Uncontrolled Variables","10/15/16"
"White Collar: Season 6: Return to Sender","10/15/16"
"White Collar: Season 6: Borrowed Time","10/14/16"
"Marvel's Luke Cage: Season 1: Step in the Arena","10/11/16"
"Marvel's Luke Cage: Season 1: Who's Gonna Take the Weight?","10/10/16"
"Marvel's Luke Cage: Season 1: Code of the Streets","10/10/16"
"White Collar: Season 5: Diamond Exchange","10/10/16"
"White Collar: Season 5: Taking Stock","10/10/16"
"White Collar: Season 5: Shot Through the Heart","10/10/16"
"White Collar: Season 5: Live Feed","10/10/16"
"White Collar: Season 5: No Good Deed","10/10/16"
"Marvel's Luke Cage: Season 1: Moment of Truth","10/10/16"
"The Get Down: Part 1: Raise Your Words, Not Your Voice","10/9/16"
"The Get Down: Part 1: You Have Wings, Learn to Fly","10/9/16"
"The Get Down: Part 1: Forget Safety, Be Notorious","10/9/16"
"The Get Down: Part 1: Where There Is Ruin, There Is Hope for a Treasure","10/9/16"
"XOXO","10/8/16"
"White Collar: Season 5: Digging Deeper","10/8/16"
"White Collar: Season 5: Quantico Closure","10/8/16"
"The Get Down: Part 1: Darkness Is Your Candle","10/8/16"
"White Collar: Season 5: Ice Breaker","10/7/16"
"White Collar: Season 5: Master Plan","10/7/16"
"White Collar: Season 5: Controlling Interest","10/5/16"
"White Collar: Season 5: One Last Stakeout","10/5/16"
"White Collar: Season 5: Out of the Frying Pan","10/4/16"
"White Collar: Season 5: At What Price","10/4/16"
"White Collar: Season 4: In the Wind","10/3/16"
"White Collar: Season 4: The Original","10/3/16"
"White Collar: Season 4: Shoot the Moon","10/3/16"
"White Collar: Season 4: Empire City","10/3/16"
"White Collar: Season 4: Brass Tacks","10/3/16"
"White Collar: Season 4: Family Business","10/3/16"
"White Collar: Season 4: Vested Interest","10/3/16"
"White Collar: Season 4: Gloves Off","10/3/16"
"White Collar: Season 4: Ancient History","10/3/16"
"White Collar: Season 4: Compromising Positions","10/2/16"
"White Collar: Season 4: Identity Crisis","10/2/16"
"White Collar: Season 4: Honor Among Thieves","10/2/16"
"White Collar: Season 4: Parting Shots","10/2/16"
"White Collar: Season 4: Diminishing Returns","10/2/16"
"White Collar: Season 4: Most Wanted","10/1/16"
"White Collar: Season 4: Wanted","10/1/16"
"White Collar: Season 3: Judgment Day","10/1/16"
"White Collar: Season 3: Stealing Home","9/28/16"
"White Collar: Season 3: Pulling Strings","9/28/16"
"White Collar: Season 3: Neighborhood Watch","9/27/16"
"White Collar: Season 3: Upper West Side Story","9/26/16"
"White Collar: Season 3: Checkmate","9/26/16"
"White Collar: Season 3: Countdown","9/26/16"
"White Collar: Season 3: On the Fence","9/26/16"
"White Collar: Season 3: As You Were","9/26/16"
"White Collar: Season 3: Taking Account","9/25/16"
"White Collar: Season 3: Scott Free","9/25/16"
"White Collar: Season 3: Veiled Threat","9/25/16"
"White Collar: Season 3: Dentist of Detroit","9/25/16"
"White Collar: Season 3: Deadline","9/25/16"
"White Collar: Season 3: Where There's a Will","9/25/16"
"White Collar: Season 3: On Guard","9/23/16"
"White Collar: Season 2: Under the Radar","9/23/16"
"White Collar: Season 2: Power Play","9/23/16"
"White Collar: Season 2: Payback","9/21/16"
"White Collar: Season 2: Countermeasures","9/20/16"
"White Collar: Season 2: What Happens in Burma","9/19/16"
"White Collar: Season 2: Forging Bonds","9/19/16"
"White Collar: Season 2: Burke's Seven","9/19/16"
"White Collar: Season 2: Point Blank","9/18/16"
"White Collar: Season 2: Company Man","9/18/16"
"White Collar: Season 2: Prisoner's Dilemma","9/13/16"
"The Get Down: Part 1: Seek Those Who Fan Your Flames","9/10/16"
"White Collar: Season 2: In the Red","9/9/16"
"The Office (U.S.): Season 6: St. Patrick's Day","9/6/16"
"The Office (U.S.): Season 6: Delivery: Part 2","9/6/16"
"Parks and Recreation: Season 3: Harvest Festival","9/6/16"
"Parks and Recreation: Season 3: Indianapolis","9/6/16"
"Parks and Recreation: Season 3: Media Blitz","9/6/16"
"Parks and Recreation: Season 3: Ron and Tammy: Part II","9/6/16"
"Parks and Recreation: Season 1: Pilot","9/6/16"
"The Office (U.S.): Season 6: Delivery: Part 1","8/28/16"
"The Office (U.S.): Season 6: Manager and the Salesman","8/28/16"
"The Office (U.S.): Season 6: Sabre","8/28/16"
"The Office (U.S.): Season 6: The Banker","8/28/16"
"The Office (U.S.): Season 6: Secret Santa","8/28/16"
"The Office (U.S.): Season 6: Scott's Tots","8/28/16"
"The Office (U.S.): Season 6: Shareholder Meeting","8/28/16"
"The Office (U.S.): Season 6: Murder","8/28/16"
"The Office (U.S.): Season 6: Double Date","8/27/16"
"Reservoir Dogs","8/27/16"
"White Collar: Season 2: Unfinished Business","8/27/16"
"The Office (U.S.): Season 6: Koi Pond","8/27/16"
"The Office (U.S.): Season 6: The Lover","8/27/16"
"The Office (U.S.): Season 6: Mafia","8/27/16"
"The Office (U.S.): Season 6: Niagara: Part 2","8/27/16"
"The Office (U.S.): Season 6: The Promotion","8/27/16"
"The Office (U.S.): Season 6: The Meeting","8/27/16"
"Brickleberry: Season 1: Welcome to Brickleberry","8/26/16"
"The Office (U.S.): Season 6: Gossip","8/26/16"
"The Office (U.S.): Season 5: Company Picnic","8/25/16"
"The Office (U.S.): Season 5: Heavy Competition","8/24/16"
"The Office (U.S.): Season 5: Two Weeks","8/24/16"
"The Office (U.S.): Season 5: New Boss","8/24/16"
"The Office (U.S.): Season 5: Golden Ticket","8/23/16"
"The Office (U.S.): Season 5: Blood Drive","8/23/16"
"The Office (U.S.): Season 5: Lecture Circuit: Part 2","8/23/16"
"The Office (U.S.): Season 5: Lecture Circuit: Part 1","8/23/16"
"The Office (U.S.): Season 5: Stress Relief: Part 2","8/23/16"
"The Office (U.S.): Season 5: Stress Relief: Part 1","8/23/16"
"The Office (U.S.): Season 5: Prince Family Paper","8/23/16"
"The Office (U.S.): Season 5: The Duel","8/23/16"
"The Office (U.S.): Season 5: Moroccan Christmas","8/23/16"
"The Office (U.S.): Season 5: The Surplus","8/23/16"
"The Office (U.S.): Season 5: Frame Toby","8/23/16"
"The Office (U.S.): Season 5: Business Trip","8/23/16"
"The Office (U.S.): Season 5: Customer Survey","8/23/16"
"The Office (U.S.): Season 5: Employee Transfer","8/23/16"
"The Office (U.S.): Season 5: Crime Aid","8/23/16"
"The Office (U.S.): Season 5: Baby Shower","8/22/16"
"The Office (U.S.): Season 5: Business Ethics","8/22/16"
"The Office (U.S.): Season 5: Weight Loss: Part 2","8/22/16"
"The Office (U.S.): Season 5: Weight Loss: Part 1","8/22/16"
"The Office (U.S.): Season 4: Goodbye, Toby","8/22/16"
"The Office (U.S.): Season 4: Job Fair","8/22/16"
"Pulp Fiction","8/22/16"
"The Office (U.S.): Season 4: Did I Stutter","8/22/16"
"Brickleberry: Season 3: Global Warning","8/22/16"
"Brickleberry: Season 3: Campin' Ain't Easy","8/21/16"
"Brickleberry: Season 3: Cops and Bottoms","8/21/16"
"The Office (U.S.): Season 4: Night Out","8/20/16"
"The Office (U.S.): Season 4: The Chair Model","8/20/16"
"The Office (U.S.): Season 4: Dinner Party","8/20/16"
"The Office (U.S.): Season 4: The Deposition","8/20/16"
"The Office (U.S.): Season 4: Survivor Man","8/20/16"
"The Office (U.S.): Season 4: Branch Wars","8/20/16"
"The Office (U.S.): Season 4: Local Ad","8/20/16"
"Django Unchained","8/18/16"
"Brickleberry: Season 3: Amber Alert","8/18/16"
"Brickleberry: Season 3: High Stakes","8/18/16"
"The Office (U.S.): Season 4: Money","8/18/16"
"The Office (U.S.): Season 4: Launch Party","8/16/16"
"Marco Polo: Season 2: Lullaby","8/16/16"
"The Office (U.S.): Season 4: Dunder Mifflin Infinity","8/16/16"
"The Office (U.S.): Season 4: Fun Run","8/16/16"
"The Office (U.S.): Season 3: The Job","8/16/16"
"The Office (U.S.): Season 3: Beach Games","8/16/16"
"The Office (U.S.): Season 3: Women's Appreciation","8/15/16"
"The Office (U.S.): Season 3: Product Recall","8/15/16"
"The Office (U.S.): Season 3: Safety Training","8/15/16"
"The Office (U.S.): Season 3: The Negotiation","8/15/16"
"The Office (U.S.): Season 3: Cocktails","8/15/16"
"The Office (U.S.): Season 3: Business School","8/14/16"
"The Office (U.S.): Season 3: Phyllis's Wedding","8/14/16"
"The Office (U.S.): Season 3: Ben Franklin","8/14/16"
"The Office (U.S.): Season 3: The Return","8/14/16"
"The Office (U.S.): Season 3: Traveling Salesmen","8/14/16"
"The Office (U.S.): Season 3: Back from Vacation","8/14/16"
"The Office (U.S.): Season 3: A Benihana Christmas","8/14/16"
"The Office (U.S.): Season 3: The Convict","8/14/16"
"The Office (U.S.): Season 3: The Merger","8/14/16"
"The Office (U.S.): Season 3: Branch Closing","8/13/16"
"The Office (U.S.): Season 3: Diwali","8/13/16"
"The Office (U.S.): Season 3: Initiation","8/13/16"
"The Office (U.S.): Season 3: Grief Counseling","8/13/16"
"The Office (U.S.): Season 3: The Coup","8/13/16"
"The Office (U.S.): Season 3: The Convention","8/13/16"
"The Office (U.S.): Season 3: Gay Witch Hunt","8/13/16"
"The Office (U.S.): Season 2: Casino Night","8/13/16"
"The Office (U.S.): Season 2: Conflict Resolution","8/13/16"
"The Office (U.S.): Season 2: Drug Testing","8/13/16"
"The Office (U.S.): Season 2: Michael's Birthday","8/13/16"
"Marco Polo: Season 2: Let God's Work Begin","8/12/16"
"The Office (U.S.): Season 2: Take Your Daughter to Work Day","8/12/16"
"The Office (U.S.): Season 2: Dwight's Speech","8/12/16"
"The Office (U.S.): Season 2: Valentine's Day","8/12/16"
"The Office (U.S.): Season 2: Boys and Girls","8/12/16"
"The Office (U.S.): Season 2: The Carpet","8/12/16"
"The Office (U.S.): Season 2: The Secret","8/12/16"
"The Office (U.S.): Season 2: The Injury","8/11/16"
"The Office (U.S.): Season 2: Booze Cruise","8/11/16"
"The Office (U.S.): Season 2: Christmas Party","8/11/16"
"Archer: Season 5: Archer Vice: Palace Intrigue: Part II","8/10/16"
"Stranger Things: Chapter Eight: The Upside Down","8/10/16"
"Stranger Things: Chapter Seven: The Bathtub","8/10/16"
"Stranger Things: Chapter Six: The Monster","8/9/16"
"Stranger Things: Chapter Five: The Flea and the Acrobat","8/8/16"
"Friends: Season 10: The Last One: Part 1 & Part 2","8/7/16"
"Friends: Season 10: The One with Rachel's Going Away Party","8/7/16"
"Friends: Season 10: The One Where Estelle Dies","8/7/16"
"Marco Polo: Season 2: Measure Against the Linchpin","8/7/16"
"Friends: Season 10: The One with Princess Consuela","8/7/16"
"Friends: Season 10: The One Where Joey Speaks French","8/7/16"
"Friends: Season 10: The One with Phoebe's Wedding","8/6/16"
"Friends: Season 10: The One Where the Stripper Cries","8/6/16"
"Friends: Season 10: The One Where Chandler Gets Caught","8/6/16"
"Friends: Season 10: The One with the Birth Mother","8/6/16"
"Friends: Season 10: The One with the Late Thanksgiving","8/5/16"
"Friends: Season 10: The One with The Home Study","8/5/16"
"Friends: Season 10: The One with Ross's Grant","8/5/16"
"Friends: Season 10: The One Where Rachel's Sister Babysits","8/4/16"
"Stranger Things: Chapter Four: The Body","8/4/16"
"Friends: Season 10: The One with the Cake","8/4/16"
"Friends: Season 10: The One with Ross's Tan","8/3/16"
"Friends: Season 10: The One Where Ross Is Fine","8/2/16"
"Friends: Season 10: The One After Joey and Rachel Kiss","8/2/16"
"Friends: Season 9: The One in Barbados: Part 2","8/2/16"
"Friends: Season 9: The One in Barbados: Part 1","8/2/16"
"Friends: Season 9: The One with the Donor","8/2/16"
"Friends: Season 9: The One with the Fertility Test","8/2/16"
"Friends: Season 9: The One with the Soap Opera Party","8/2/16"
"Friends: Season 9: The One with Rachel's Dream","8/2/16"
"Friends: Season 9: The One with the Lottery","8/1/16"
"Friends: Season 9: The One with the Memorial Service","8/1/16"
"Friends: Season 9: The One with the Boob Job","8/1/16"
"Stranger Things: Chapter Three: Holly, Jolly","7/31/16"
"Friends: Season 9: The One with the Mugging","7/31/16"
"Friends: Season 9: The One with the Blind Dates","7/31/16"
"Friends: Season 9: The One Where Monica Sings","7/31/16"
"Clueless","7/30/16"
"Friends: Season 9: The One with Phoebe's Rats","7/30/16"
"Friends: Season 9: The One Where Rachel Goes Back to Work","7/30/16"
"Friends: Season 9: The One with Christmas in Tulsa","7/30/16"
"Friends: Season 9: The One with Rachel's Phone Number","7/30/16"
"Friends: Season 9: The One with Rachel's Other Sister","7/30/16"
"Friends: Season 9: The One with Ross' Inappropriate Song","7/30/16"
"Stranger Things: Chapter Two: The Weirdo on Maple Street","7/30/16"
"Stranger Things: Chapter One: The Vanishing Of Will Byers","7/30/16"
"Friends: Season 9: The One with the Male Nanny","7/30/16"
"Friends: Season 9: The One with Phoebe's Birthday Dinner","7/30/16"
"Friends: Season 9: The One with the Sharks","7/30/16"
"Friends: Season 9: The One with the Pediatrician","7/30/16"
"Friends: Season 9: The One Where Emma Cries","7/30/16"
"Friends: Season 9: The One Where No One Proposes","7/30/16"
"Friends: Season 8: The One Where Rachel Has a Baby: Part 2","7/29/16"
"Friends: Season 8: The One Where Rachel Has a Baby: Part 1","7/29/16"
"Friends: Season 8: The One Where Rachel Is Late","7/29/16"
"Friends: Season 8: The One with the Cooking Class","7/29/16"
"Friends: Season 8: The One with the Baby Shower","7/29/16"
"Friends: Season 8: The One with Joey's Interview","7/29/16"
"Peaky Blinders: Season 3: Episode 6","7/29/16"
"Peaky Blinders: Season 3: Episode 5","7/29/16"
"Friends: Season 8: The One in Massapequa","7/29/16"
"Friends: Season 8: The One with the Tea Leaves","7/29/16"
"Friends: Season 8: The One Where Joey Tells Rachel","7/29/16"
"Friends: Season 8: The One with the Birthing Video","7/29/16"
"Friends: Season 8: The One with the Secret Closet","7/28/16"
"Friends: Season 8: The One Where Chandler Takes a Bath","7/28/16"
"Friends: Season 8: The One Where Joey Dates Rachel","7/28/16"
"Friends: Season 8: The One with the Creepy Holiday Card","7/28/16"
"Friends: Season 8: The One with Monica's Boots","7/28/16"
"Friends: Season 8: The One with the Rumor","7/27/16"
"Peaky Blinders: Season 3: Episode 4","7/26/16"
"Friends: Season 8: The One with the Stripper","7/26/16"
"Friends: Season 8: The One with the Stain","7/26/16"
"Peaky Blinders: Season 3: Episode 3","7/25/16"
"Friends: Season 8: The One with the Halloween Party","7/25/16"
"Friends: Season 8: The One with Rachel's Date","7/21/16"
"Friends: Season 8: The One with the Videotape","7/21/16"
"Friends: Season 8: The One Where Rachel Tells ...","7/21/16"
"Friends: Season 8: The One with the Red Sweater","7/21/16"
"Friends: Season 8: The One After I Do","7/21/16"
"Friends: Season 7: The One with Chandler and Monica's Wedding: Part 2","7/21/16"
"Friends: Season 7: The One with Chandler and Monica's Wedding: Part 1","7/21/16"
"The Office (U.S.): Season 2: Email Surveillance","7/20/16"
"Friends: Season 7: The One with Chandler's Dad","7/20/16"
"Friends: Season 7: The One with the Vows","7/20/16"
"Friends: Season 7: The One with Rachel's Big Kiss","7/20/16"
"Peaky Blinders: Season 3: Episode 2","7/19/16"
"Friends: Season 7: The One with Ross and Monica's Cousin","7/19/16"
"Brickleberry: Season 3: Steve the Fearless Pilot","7/18/16"
"Friends: Season 7: The One with Joey's Award","7/18/16"
"Friends: Season 7: The One with the Cheap Wedding Dress","7/18/16"
"Friends: Season 7: The One with the Truth About London","7/17/16"
"Peaky Blinders: Season 3: Episode 1","7/17/16"
"Peaky Blinders: Season 2: Episode 6","7/17/16"
"Peaky Blinders: Season 2: Episode 5","7/17/16"
"Friends: Season 7: The One with Joey's New Brain","7/17/16"
"Peaky Blinders: Season 2: Episode 4","7/17/16"
"Peaky Blinders: Season 2: Episode 3","7/17/16"
"Friends: Season 7: The One Where They All Turn Thirty","7/17/16"
"Friends: Season 7: The One Where Rosita Dies","7/17/16"
"White Collar: Season 2: By the Book","7/16/16"
"Friends: Season 7: The One Where They're Up All Night","7/16/16"
"Friends: Season 7: The One with All the Cheesecakes","7/16/16"
"Peaky Blinders: Season 2: Episode 2","7/16/16"
"Peaky Blinders: Season 2: Episode 1","7/16/16"
"Friends: Season 7: The One with the Holiday Armadillo","7/16/16"
"Brickleberry: Season 3: Baby Daddy","7/15/16"
"The Big Short","7/15/16"
"Marco Polo: Season 2: Hug","7/15/16"
"Friends: Season 7: The One with All the Candy","7/15/16"
"White Collar: Season 2: Copycat Caffrey","7/15/16"
"Peaky Blinders: Season 1: Episode 6","7/15/16"
"Friends: Season 7: The One Where Chandler Doesn't Like Dogs","7/15/16"
"Friends: Season 7: The One with Ross' Library Book","7/15/16"
"Marco Polo: Season 2: Hunter and the Sable Weaver","7/15/16"
"Peaky Blinders: Season 1: Episode 5","7/14/16"
"Peaky Blinders: Season 1: Episode 4","7/14/16"
"Friends: Season 7: The One with the Nap Partners","7/14/16"
"Friends: Season 7: The One with the Engagement Picture","7/14/16"
"Peaky Blinders: Season 1: Episode 3","7/13/16"
"Peaky Blinders: Season 1: Episode 2","7/12/16"
"Friends: Season 7: The One with Rachel's Assistant","7/12/16"
"Friends: Season 7: The One with Phoebe's Cookies","7/12/16"
"Friends: Season 7: The One with Rachel's Book","7/12/16"
"Peaky Blinders: Season 1: Episode 1","7/11/16"
"Friends: Season 7: The One with Monica's Thunder","7/11/16"
"Friends: Season 6: The One with the Proposal: Part 2","7/10/16"
"Friends: Season 6: The One with the Proposal: Part 1","7/10/16"
"Friends: Season 6: The One with the Ring","7/8/16"
"Friends: Season 6: The One Where Paul's the Man","7/8/16"
"Planet Earth: Season 1: Ocean Deep","7/6/16"
"White Collar: Season 2: Need to Know","7/6/16"
"Friends: Season 6: The One Where Ross Meets Elizabeth's Dad","7/6/16"
"Friends: Season 6: The One with Mac and C.H.E.E.S.E","7/6/16"
"White Collar: Season 2: Withdrawal","7/5/16"
"The Office (U.S.): Season 2: Performance Review","7/5/16"
"Brickleberry: Season 3: Old Wounds","7/5/16"
"Friends: Season 6: The One with Joey's Fridge","7/5/16"
"Friends: Season 6: The One Where Ross Dates a Student","7/5/16"
"Friends: Season 6: The One with Unagi","7/5/16"
"Friends: Season 6: The One That Could Have Been: Part 2","7/5/16"
"White Collar: Season 1: Out of the Box","7/4/16"
"The Office (U.S.): Season 2: The Client","7/4/16"
"The Office (U.S.): Season 2: The Fight","7/4/16"
"Friends: Season 6: The One That Could Have Been: Part 1","7/4/16"
"Friends: Season 6: The One Where Chandler Can't Cry","7/4/16"
"Friends: Season 6: The One with Rachel's Sister","7/4/16"
"Friends: Season 6: The One with the Joke","7/4/16"
"Friends: Season 6: The One with the Apothecary Table","7/4/16"
"Friends: Season 6: The One with the Routine","7/4/16"
"Friends: Season 6: The One Where Ross Got High","7/4/16"
"Friends: Season 6: The One with Ross's Teeth","7/4/16"
"Friends: Season 6: The One Where Phoebe Runs","7/4/16"
"White Collar: Season 1: Front Man","7/4/16"
"Friends: Season 6: The One on the Last Night","7/3/16"
"Friends: Season 6: The One with Joey's Porsche","7/3/16"
"Friends: Season 6: The One Where Joey Loses His Insurance","7/3/16"
"White Collar: Season 1: Bottlenecked","7/3/16"
"White Collar: Season 1: Home Invasion","7/3/16"
"White Collar: Season 1: Vital Signs","7/2/16"
"White Collar: Season 1: Bad Judgement","7/2/16"
"White Collar: Season 1: Hard Sell","7/2/16"
"White Collar: Season 1: Free Fall","7/2/16"
"Friends: Season 6: The One with Ross's Denial","7/1/16"
"Friends: Season 6: The One Where Ross Hugs Rachel","7/1/16"
"Friends: Season 6: The One After Vegas","7/1/16"
"Friends: Season 5: The One in Vegas: Part 2","7/1/16"
"Friends: Season 5: The One in Vegas: Part 1","7/1/16"
"Friends: Season 5: The One with Joey's Big Break","7/1/16"
"White Collar: Season 1: All In","7/1/16"
"White Collar: Season 1: The Portrait","7/1/16"
"White Collar: Season 1: Flip of the Coin","7/1/16"
"White Collar: Season 1: Book of Hours","7/1/16"
"White Collar: Season 1: Threads","7/1/16"
"Friends: Season 5: The One with the Ball","7/1/16"
"Friends: Season 5: The One with the Ride-Along","7/1/16"
"Friends: Season 5: The One Where Ross Can't Flirt","7/1/16"
"Friends: Season 5: The One Where Rachel Smokes","7/1/16"
"Friends: Season 5: The One with Rachel's Inadvertent Kiss","7/1/16"
"Friends: Season 5: The One with the Cop","7/1/16"
"Friends: Season 5: The One with the Girl Who Hits Joey","7/1/16"
"Friends: Season 5: The One Where Everybody Finds Out","7/1/16"
"Friends: Season 5: The One with Joey's Bag","6/30/16"
"Friends: Season 5: The One with Chandler's Work Laugh","6/30/16"
"Friends: Season 5: The One with All the Resolutions","6/30/16"
"Friends: Season 5: The One with the Inappropriate Sister","6/30/16"
"Friends: Season 5: The One with Ross's Sandwich","6/30/16"
"Friends: Season 5: The One with All the Thanksgivings","6/29/16"
"Friends: Season 5: The One Where Ross Moves In","6/29/16"
"Friends: Season 5: The One with the Yeti","6/29/16"
"Brickleberry: Season 3: Write 'em Cowboy","6/28/16"
"Brickleberry: Season 3: That Brother's My Father","6/28/16"
"Friends: Season 5: The One with the Kips","6/28/16"
"Friends: Season 5: The One Where Phoebe Hates PBS","6/28/16"
"Friends: Season 5: The One Hundredth","6/28/16"
"Brickleberry: Season 3: Miss National Park","6/26/16"
"Brickleberry: Season 3: In Da Club","6/26/16"
"White Collar: Season 1: Pilot","6/26/16"
"Friends: Season 5: The One with All the Kissing","6/26/16"
"Friends: Season 5: The One After Ross Says Rachel","6/26/16"
"Friends: Season 4: The One with Ross's Wedding: Part 2","6/26/16"
"Friends: Season 4: The One with Ross's Wedding: Part 1","6/26/16"
"Friends: Season 4: The One with the Worst Best Man Ever","6/26/16"
"Friends: Season 4: The One with the Invitation","6/26/16"
"Brickleberry: Season 3: Obamascare","6/25/16"
"The Office (U.S.): Season 2: Halloween","6/25/16"
"Friends: Season 4: The One with the Wedding Dresses","6/25/16"
"Friends: Season 4: The One with All the Haste","6/25/16"
"Friends: Season 4: The One with Rachel's New Dress","6/25/16"
"Friends: Season 4: The One with the Free Porn","6/25/16"
"Friends: Season 4: The One with the Fake Party","6/25/16"
"Friends: Season 4: The One with All the Rugby","6/25/16"
"Friends: Season 4: The One with Joey's Dirty Day","6/25/16"
"Friends: Season 4: The One with Rachel's Crush","6/25/16"
"Friends: Season 4: The One with the Embryos","6/25/16"
"Brickleberry: Season 2: A-Park-a-Lypse","6/24/16"
"Friends: Season 4: The One with Phoebe's Uterus","6/24/16"
"Friends: Season 4: The One with the Girl from Poughkeepsie","6/24/16"
"Friends: Season 4: The One Where They're Going to Party","6/24/16"
"Friends: Season 4: The One with Chandler in a Box","6/24/16"
"Friends: Season 4: The One Where Chandler Crosses the Line","6/23/16"
"Friends: Season 4: The One with the Dirty Girl","6/23/16"
"Friends: Season 4: The One with Joey's New Girlfriend","6/23/16"
"Brickleberry: Season 2: My Favorite Bear","6/22/16"
"Brickleberry: Season 2: Trip to Mars","6/22/16"
"Orange Is the New Black: Season 4: Toast Can’t Never Be Bread Again","6/21/16"
"Orange Is the New Black: Season 4: The Animals","6/21/16"
"Orange Is the New Black: Season 4: People Persons","6/21/16"
"Orange Is the New Black: Season 4: Bunny, Skull, Bunny, Skull","6/20/16"
"Brickleberry: Season 2: Scared Straight","6/20/16"
"Brickleberry: Season 2: The Animals Strike Back","6/20/16"
"Orange Is the New Black: Season 4: Turn Table Turn","6/19/16"
"Orange Is the New Black: Season 4: Friends in Low Places","6/19/16"
"Orange Is the New Black: Season 4: It Sounded Nicer in My Head","6/19/16"
"Orange Is the New Black: Season 4: Piece of Sh*t","6/19/16"
"Orange Is the New Black: Season 4: We’ll Always Have Baltimore","6/19/16"
"Friends: Season 4: The One with the Ballroom Dancing","6/19/16"
"Friends: Season 4: The One with the 'Cuffs","6/19/16"
"Friends: Season 4: The One with the Cat","6/19/16"
"Friends: Season 4: The One with the Jellyfish","6/19/16"
"Friends: Season 3: The One with the Race Car Bed","6/18/16"
"Friends: Season 3: The One with the Flashback","6/18/16"
"Orange Is the New Black: Season 4: Doctor Psycho","6/17/16"
"Orange Is the New Black: Season 4: (Don’t) Say Anything","6/17/16"
"Orange Is the New Black: Season 4: Power Suit","6/17/16"
"Friends: Season 3: The One with Frank Jr","6/17/16"
"Orange Is the New Black: Season 4: Work That Body for Me","6/17/16"
"Orange Is the New Black: Season 2: Low Self Esteem City","6/17/16"
"Brickleberry: Season 2: Little Boy Malloy","6/16/16"
"Brickleberry: Season 2: My Way or the Highway","6/16/16"
"Friends: Season 3: The One with the Metaphorical Tunnel","6/16/16"
"Friends: Season 3: The One with the Jam","6/16/16"
"Friends: Season 3: The One Where No One's Ready","6/16/16"
"Friends: Season 3: The One with the Princess Leia Fantasy","6/16/16"
"The Office (U.S.): Season 2: The Fire","6/16/16"
"Brickleberry: Season 2: Ranger Games","6/14/16"
"Brickleberry: Season 2: Crippleberry","6/14/16"
"Brickleberry: Season 2: Brickleberry Trailer Park","6/14/16"
"The Office (U.S.): Season 2: Office Olympics","6/14/16"
"The Office (U.S.): Season 2: Sexual Harassment","6/14/16"
"The Office (U.S.): Season 2: The Dundies","6/14/16"
"Brickleberry: Season 2: Woody's Girl","6/13/16"
"Brickleberry: Season 2: The Comeback","6/12/16"
"The Office (U.S.): Season 1: Hot Girl","6/12/16"
"The Office (U.S.): Season 1: Basketball","6/12/16"
"The Office (U.S.): Season 1: The Alliance","6/12/16"
"Dexter: Season 8: Remember the Monsters?","6/12/16"
"Dexter: Season 8: Monkey in a Box","6/12/16"
"Dexter: Season 8: Goodbye Miami","6/12/16"
"Brickleberry: Season 2: Miracle Lake","6/12/16"
"Brickleberry: Season 1: The Dam Show","6/12/16"
"Brickleberry: Season 1: Daddy Issues","6/12/16"
"The Office (U.S.): Season 1: Health Care","6/11/16"
"The Office (U.S.): Season 1: Diversity Day","6/11/16"
"The Office (U.S.): Season 1: Pilot","6/11/16"
"Dexter: Season 8: Make Your Own Kind of Music","6/11/16"
"Dexter: Season 8: Are We There Yet?","6/11/16"
"Dexter: Season 8: Dress Code","6/11/16"
"Dexter: Season 8: A Little Reflection","6/11/16"
"Dexter: Season 8: This Little Piggy","6/10/16"
"Dexter: Season 8: Scar Tissue","6/9/16"
"Dexter: Season 8: What's Eating Dexter Morgan?","6/9/16"
"Dexter: Season 8: Every Silver Lining...","6/9/16"
"Dexter: Season 8: A Beautiful Day","6/8/16"
"Archer: Season 5: Archer Vice: Palace Intrigue: Part I","6/8/16"
"Dexter: Season 7: Surprise, Motherf**ker!","6/7/16"
"Dexter: Season 7: Do You See What I See?","6/7/16"
"Dexter: Season 7: The Dark… Whatever","6/7/16"
"Dexter: Season 7: Helter Skelter","6/7/16"
"Dexter: Season 7: Argentina","6/6/16"
"Dexter: Season 7: Chemistry","6/6/16"
"Dexter: Season 7: Do the Wrong Thing","6/6/16"
"Dexter: Season 7: Swim Deep","6/2/16"
"Dexter: Season 7: Run","6/2/16"
"That '70s Show: Season 7: 2000 Light Years from Home","6/1/16"
"That '70s Show: Season 7: 2120 So. Michigan Ave.","6/1/16"
"That '70s Show: Season 7: Gimme Shelter","6/1/16"
"That '70s Show: Season 7: Who's Been Sleeping Here?","6/1/16"
"That '70s Show: Season 7: Oh, Baby (We Got a Good Thing Goin')","6/1/16"
"That '70s Show: Season 7: Down the Road Apiece","6/1/16"
"That '70s Show: Season 7: On with the Show","6/1/16"
"That '70s Show: Season 7: It's All Over Now","6/1/16"
"That '70s Show: Season 7: Street Fighting Man","6/1/16"
"That '70s Show: Season 7: Can't You Hear Me Knocking","6/1/16"
"That '70s Show: Season 7: Don't Lie to Me","6/1/16"
"Dexter: Season 7: Buck the System","6/1/16"
"Dexter: Season 7: Sunshine & Frosty Swirl","6/1/16"
"Dexter: Season 7: Are You…?","6/1/16"
"Dexter: Season 6: This is the Way the World Ends","6/1/16"
"Dexter: Season 6: Talk to the Hand","6/1/16"
"Dexter: Season 6: Ricochet Rabbit","5/31/16"
"Dexter: Season 6: Get Gellar","5/31/16"
"Dexter: Season 6: Sin of Omission","5/31/16"
"Dexter: Season 6: Nebraska","5/31/16"
"Dexter: Season 6: Just Let Go","5/31/16"
"Dexter: Season 6: The Angel of Death","5/31/16"
"Dexter: Season 6: A Horse of a Different Color","5/31/16"
"Dexter: Season 6: Smokey and the Bandit","5/31/16"
"Dexter: Season 6: Once Upon a Time...","5/31/16"
"Dexter: Season 6: Those Kinds of Things","5/31/16"
"Dexter: Season 5: The Big One","5/29/16"
"Dexter: Season 5: Hop a Freighter","5/29/16"
"Dexter: Season 5: In the Beginning","5/29/16"
"Dexter: Season 5: Teenage Wasteland","5/29/16"
"Dexter: Season 5: Take It!","5/29/16"
"Dexter: Season 5: Circle Us","5/29/16"
"Dexter: Season 5: Everything is Illumenated","5/29/16"
"Dexter: Season 5: First Blood","5/28/16"
"Dexter: Season 5: Beauty and the Beast","5/28/16"
"Dexter: Season 5: Practically Perfect","5/28/16"
"Dexter: Season 5: Hello, Bandit","5/28/16"
"Dexter: Season 5: My Bad","5/28/16"
"Dexter: Season 4: The Getaway","5/27/16"
"Dexter: Season 4: Hello, Dexter Morgan","5/27/16"
"Dexter: Season 4: Lost Boys","5/27/16"
"Dexter: Season 4: Hungry Man","5/27/16"
"Dexter: Season 4: Road Kill","5/9/16"
"Dexter: Season 4: Slack Tide","5/9/16"
"Dexter: Season 4: If I Had a Hammer","5/9/16"
"Dexter: Season 4: Dirty Harry","5/9/16"
"Dexter: Season 4: Dex Takes a Holiday","5/9/16"
"Dexter: Season 4: Blinded by the Light","5/8/16"
"Dexter: Season 4: Remains to be Seen","5/8/16"
"Dexter: Season 4: Living the Dream","5/8/16"
"Dexter: Season 3: Do You Take Dexter Morgan?","5/8/16"
"Dexter: Season 3: I Had a Dream","5/7/16"
"Dexter: Season 3: Go Your Own Way","5/7/16"
"Dexter: Season 3: About Last Night","5/7/16"
"Dexter: Season 3: The Damage a Man Can Do","5/7/16"
"Dexter: Season 3: Easy as Pie","5/7/16"
"Prison Break: Season 1: Allen","5/5/16"
"Prison Break: Season 1: Pilot","5/5/16"
"Prison Break: Season 4: The Final Break","5/4/16"
"Failure to Launch","5/3/16"
"New Girl: Season 1: Bells","5/3/16"
"New Girl: Season 1: Thanksgiving","5/3/16"
"New Girl: Season 1: Cece Crashes","5/3/16"
"New Girl: Season 1: Naked","5/3/16"
"New Girl: Season 1: Wedding","5/3/16"
"New Girl: Season 1: Kryptonite","5/3/16"
"New Girl: Season 1: Pilot","5/2/16"
"Coming to America","5/1/16"
"Brickleberry: Season 1: Steve's Bald?","4/29/16"
"Brickleberry: Season 1: Hello Dottie","4/28/16"
"Brickleberry: Season 1: Gay Bomb","4/26/16"
"Marvel's Daredevil: Season 2: A Cold Day in Hell's Kitchen","4/25/16"
"Brickleberry: Season 1: Race Off!","4/24/16"
"Brickleberry: Season 1: Squabbits","4/21/16"
"Brickleberry: Season 1: Saved By the Balls","4/21/16"
"Brickleberry: Season 1: 2 Weeks Notice","4/20/16"
"Marvel's Daredevil: Season 2: The Dark at the End of the Tunnel","4/18/16"
"Marvel's Daredevil: Season 2: .380","4/18/16"
"Scandal: Season 4: Honor Thy Father","4/16/16"
"Scandal: Season 4: Put a Ring on It","4/16/16"
"Flypaper","4/14/16"
"Marvel's Daredevil: Season 2: The Man in the Box","4/13/16"
"Marvel's Daredevil: Season 2: Seven Minutes in Heaven","4/13/16"
"Marvel's Daredevil: Season 2: Guilty as Sin","4/10/16"
"Gossip Girl: Season 6: Dirty Rotten Scandals","4/9/16"
"Gossip Girl: Season 6: High Infidelity","4/9/16"
"Gossip Girl: Season 6: Gone Maybe Gone","4/8/16"
"Gossip Girl: Season 5: The Return of the Ring","4/8/16"
"Gossip Girl: Season 5: The Fugitives","4/8/16"
"Gossip Girl: Season 5: Raiders of the Lost Art","4/8/16"
"Gossip Girl: Season 5: Despicable B","4/8/16"
"Gossip Girl: Season 5: Salon of the Dead","4/8/16"
"Gossip Girl: Season 5: It Girl, Interrupted","4/8/16"
"Gossip Girl: Season 5: Con Heir","4/8/16"
"Gossip Girl: Season 5: The Princess Dowry","4/8/16"
"Gossip Girl: Season 5: Cross Rhodes","4/8/16"
"Gossip Girl: Season 5: Crazy, Cupid, Love","4/8/16"
"Gossip Girl: Season 5: The Backup Dan","4/8/16"
"Gossip Girl: Season 5: G.G","4/8/16"
"Gossip Girl: Season 5: Father and the Bride","4/8/16"
"Marvel's Daredevil: Season 2: Semper Fidelis","4/5/16"
"Marvel's Daredevil: Season 2: Regrets Only","4/4/16"
"The Interview","4/1/16"
"The Game: Season 1: Gifted","3/31/16"
"The Game: Season 1: The Rules of the Game","3/31/16"
"Marvel's Daredevil: Season 2: Kinbaku","3/30/16"
"Marvel's Daredevil: Season 2: Penny and Dime","3/29/16"
"Marvel's Daredevil: Season 2: New York's Finest","3/28/16"
"Marvel's Daredevil: Season 2: Dogs to a Gunfight","3/20/16"
"Marvel's Daredevil: Season 2: Bang","3/20/16"
"Samurai Champloo: Lullabies of the Lost: Verse 2","3/20/16"
"Samurai Champloo: Lullabies of the Lost: Verse 1","3/20/16"
"Samurai Champloo: Evanescent Encounter: Part 3","3/20/16"
"Samurai Champloo: Unholy Union","3/20/16"
"Good Will Hunting","3/19/16"
"House of Cards: Season 4: Chapter 52","3/18/16"
"House of Cards: Season 4: Chapter 51","3/18/16"
"House of Cards: Season 4: Chapter 50","3/18/16"
"House of Cards: Season 4: Chapter 49","3/18/16"
"House of Cards: Season 4: Chapter 48","3/17/16"
"House of Cards: Season 4: Chapter 47","3/17/16"
"House of Cards: Season 4: Chapter 46","3/17/16"
"Criminal Minds: Season 1: Extreme Aggressor","3/16/16"
"House of Cards: Season 4: Chapter 45","3/16/16"
"House of Cards: Season 4: Chapter 44","3/15/16"
"House of Cards: Season 4: Chapter 43","3/15/16"
"House of Cards: Season 4: Chapter 42","3/15/16"
"Fullmetal Alchemist: Brotherhood: Part 3: Interlude Party","2/17/16"
"Samurai Champloo: Hellhounds for Hire: Part 2","1/22/16"
"Samurai Champloo: Hellhounds for Hire: Part 1","1/22/16"
"Revenge: Season 1: Guilt","12/19/15"
"House of Cards: Season 3: Chapter 39","12/12/15"
"House of Cards: Season 3: Chapter 38","12/12/15"
"House of Cards: Season 3: Chapter 37","12/11/15"
"House of Cards: Season 3: Chapter 36","12/11/15"
"House of Cards: Season 3: Chapter 35","12/7/15"
"House of Cards: Season 3: Chapter 34","12/2/15"
"House of Cards: Season 3: Chapter 33","12/2/15"
"House of Cards: Season 3: Chapter 32","12/1/15"
"House of Cards: Season 3: Chapter 31","11/29/15"
"House of Cards: Season 3: Chapter 30","11/29/15"
"House of Cards: Season 3: Chapter 29","11/22/15"
"House of Cards: Season 3: Chapter 28","11/22/15"
"House of Cards: Season 3: Chapter 27","11/22/15"
"Archer: Season 4: Once Bitten","11/13/15"
"Skins: Vol. 4: Everyone","11/13/15"
"Skins: Vol. 4: Effy","11/13/15"
"Skins: Vol. 4: JJ","11/13/15"
"Numb3rs: Season 4: Trust Metric","11/12/15"
"The Blacklist: Season 2: Tom Connolly (No. 11)","11/11/15"
"The Blacklist: Season 2: Karakurt (No. 55)","11/10/15"
"The Blacklist: Season 2: Quon Zhang (No. 87)","11/7/15"
"Skins: Vol. 4: Freddie","11/7/15"
"Skins: Vol. 4: Katie","11/7/15"
"Skins: Vol. 3: Finale","11/7/15"
"The Blacklist: Season 2: Leonard Caul (No. 62)","11/3/15"
"The Blacklist: Season 2: Vanessa Cruz (No. 117)","11/3/15"
"The Blacklist: Season 2: The Longevity Initiative (No. 97)","10/28/15"
"The Blacklist: Season 2: Tom Keen (No. 7)","10/28/15"
"The Blacklist: Season 2: The Major (No. 75)","10/27/15"
"The Blacklist: Season 2: T. Earl King VI (No. 94)","10/27/15"
"The Skinny","10/24/15"
"Skins: Vol. 3: Katie and Emily","10/23/15"
"Skins: Vol. 3: Effy","10/23/15"
"Skins: Vol. 3: JJ","10/23/15"
"Skins: Vol. 3: Naomi","10/23/15"
"The Blacklist: Season 2: The Deer Hunter (No. 93)","10/17/15"
"The Blacklist: Season 2: The Kenyon Family (No. 71)","10/17/15"
"Archer: Season 3: El Contador","10/2/15"
"Archer: Season 3: The Man from Jupiter","10/2/15"
"The Blacklist: Season 2: Ruslan Denisov (No. 67)","9/26/15"
"The Blacklist: Season 2: Luther Braxton (No. 21): Conclusion","9/26/15"
"The Blacklist: Season 2: Luther Braxton (No. 21)","9/26/15"
"The Blacklist: Season 2: The Decembrist (No. 12)","9/26/15"
"The Blacklist: Season 2: The Scimitar (No. 22)","9/26/15"
"The Blacklist: Season 2: The Mombasa Cartel (No. 114)","9/25/15"
"The Blacklist: Season 2: The Front (No. 74)","9/25/15"
"The Blacklist: Season 2: Dr. Linus Creel (No. 82)","9/21/15"
"American Horror Story: Murder House: Rubber Man","9/11/15"
"American Horror Story: Murder House: Open House","9/11/15"
"American Horror Story: Murder House: Pilot","9/11/15"
"The Blacklist: Season 2: Dr. James Covington (No. 89)","9/10/15"
"The Blacklist: Season 2: Monarch Douglas Bank (No. 112)","9/7/15"
"The Blacklist: Season 2: Lord Baltimore (No. 104)","9/7/15"
"Marvel's Daredevil: Season 1: Daredevil","5/11/15"
"Marvel's Daredevil: Season 1: The Ones We Leave Behind","5/11/15"
"Marvel's Daredevil: Season 1: The Path of the Righteous","5/8/15"
"Marvel's Daredevil: Season 1: Nelson v. Murdock","5/8/15"
"Marvel's Daredevil: Season 1: Speak of the Devil","5/7/15"
"Marvel's Daredevil: Season 1: Shadows in the Glass","5/1/15"
"Marvel's Daredevil: Season 1: Stick","5/1/15"
"Marvel's Daredevil: Season 1: Condemned","4/25/15"
"Marvel's Daredevil: Season 1: World On Fire","4/25/15"
"Marvel's Daredevil: Season 1: In the Blood","4/23/15"
"Marvel's Daredevil: Season 1: Rabbit in a Snowstorm","4/23/15"
"Marvel's Daredevil: Season 1: Cut Man","4/21/15"
"Scandal: Season 2: Defiance","4/3/15"
"Scandal: Season 2: Spies Like Us","4/3/15"
"Scandal: Season 1: Sweet Baby","4/3/15"
"It's Always Sunny in Philadelphia: Season 1: The Gang Gets Racist","4/3/15"
"It's Always Sunny in Philadelphia: Season 1: Charlie Wants an Abortion","4/3/15"
"Archer: Season 3: Heart of Archness, Part 3","4/3/15"
"Scary Movie 5","3/23/15"
"Arrow: Season 1: Vertigo","2/25/15"
"Arrow: Season 1: Trust but Verify","2/25/15"
"Arrow: Season 1: Burned","2/24/15"
"Arrow: Season 1: Year's End","2/24/15"
"Archer: Season 3: Heart of Archness, Part 2","1/30/15"
"Archer: Season 3: Heart of Archness, Part 1","1/30/15"
"Archer: Season 3: Space Race, Part 1","1/20/15"
"Archer: Season 3: Skin Game","1/20/15"
"Archer: Season 3: Crossing Over","1/20/15"
"Thomas & Friends: Santa's Little Engine","1/1/15"
"Mickey's Twice Upon a Christmas","1/1/15"
"The Italian Job","11/29/14"
"The Blacklist: Season 1: Berlin (No. 8): Conclusion","11/26/14"
"The Blacklist: Season 1: Berlin (No. 8)","11/26/14"
"The Blacklist: Season 1: The Kingmaker (No. 42)","11/26/14"
"The Blacklist: Season 1: The Pavlovich Brothers (No. 119-122)","11/26/14"
"The Blacklist: Season 1: Milton Bobbit (No. 135)","11/25/14"
"The Blacklist: Season 1: Ivan (No. 88)","11/25/14"
"The Blacklist: Season 1: Mako Tanida (No. 83)","11/25/14"
"The Blacklist: Season 1: The Judge (No. 57)","11/25/14"
"The Blacklist: Season 1: Madeline Pratt (No. 73)","11/25/14"
"The Blacklist: Season 1: The Cyprus Agency (No. 64)","11/24/14"
"The Blacklist: Season 1: The Alchemist (No. 101)","11/24/14"
"The Blacklist: Season 1: Pilot","10/3/14"
"Star Trek Into Darkness","8/2/14"
"Skyfall","8/1/14"
"Malcolm in the Middle: Season 5: Christmas Trees","7/30/14"
"Numb3rs: Season 1: Pilot","7/30/14"
"Orange Is the New Black: Season 2: A Whole Other Hole","7/15/14"
"Orange Is the New Black: Season 2: Hugs Can Be Deceiving","7/12/14"
"Arrow: Season 1: Vendetta","7/12/14"
"Arrow: Season 1: Muse of Fire","7/12/14"
"Dexter: Season 1: Born Free","7/8/14"
"Dexter: Season 1: Truth Be Told","7/6/14"
"Dexter: Season 1: Seeing Red","7/6/14"
"Dexter: Season 1: Father Knows Best","7/5/14"
"Dexter: Season 1: Shrink Wrap","7/5/14"
"Scrubs: Season 4: My Best Moment","7/4/14"
"Dexter: Season 1: Circle of Friends","7/4/14"
"Dexter: Season 1: Return to Sender","7/4/14"
"Dexter: Season 1: Love American Style","7/4/14"
"Dexter: Season 1: Popping Cherry","7/4/14"
"Dexter: Season 1: Let's Give the Boy a Hand","7/4/14"
"Scrubs: Season 4: My Unicorn","7/4/14"
"Scrubs: Season 4: My Female Trouble","7/4/14"
"Dexter: Season 1: Crocodile","6/28/14"
"Arrow: Season 1: Legacies","6/28/14"
"Arrow: Season 1: Damaged","6/27/14"
"Dexter: Season 1: Dexter","6/27/14"
"Blue Mountain State: Season 3: The C-Word","6/20/14"
"Blue Mountain State: Season 3: Fun Facts","6/20/14"
"Arrow: Season 1: An Innocent Man","6/19/14"
"Arrow: Season 1: Lone Gunmen","6/19/14"
"Arrow: Season 1: Honor Thy Father","6/14/14"
"Arrow: Season 1: Pilot","6/14/14"
"Flashdance","6/14/14"
"Ferris Bueller's Day Off","6/6/14"
"Scrubs: Season 2: My Brother, My Keeper","5/16/14"
"Scrubs: Season 2: My Philosophy","5/16/14"
"Malcolm in the Middle: Season 4: Stupid Girl","5/16/14"
"Scrubs: Season 2: My New Old Friend","5/14/14"
"Scrubs: Season 2: My Sex Buddy","5/14/14"
"Scrubs: Season 8: My New Role","5/14/14"
"Scrubs: Season 8: My Cookie Pants","5/14/14"
"Scrubs: Season 8: My Happy Place","5/14/14"
"Scrubs: Season 8: My Jerks","5/14/14"
"Scrubs: Season 7: My Own Worst Enemy","5/14/14"
"Scrubs: Season 6: My Turf War","5/14/14"
"Scrubs: Season 5: My Lunch","5/14/14"
"Scrubs: Season 1: My Way or the Highway","5/14/14"
"Olympus Has Fallen","5/13/14"
"The Boondocks: Season 1: The Trial of Robert Kelly","5/13/14"
"The Boondocks: Season 1: The Garden Party","5/13/14"
"Inside: Chipotle","5/12/14"
"Inequality for All","5/10/14"
"House of Cards: Season 2: Chapter 26","5/4/14"
"House of Cards: Season 2: Chapter 25","5/3/14"
"House of Cards: Season 2: Chapter 24","5/3/14"
"House of Cards: Season 2: Chapter 23","5/3/14"
"House of Cards: Season 2: Chapter 22","5/3/14"
"House of Cards: Season 2: Chapter 21","5/3/14"
"House of Cards: Season 2: Chapter 20","4/27/14"
"House of Cards: Season 2: Chapter 19","4/27/14"
"House of Cards: Season 2: Chapter 18","4/12/14"
"House of Cards: Season 2: Chapter 17","4/12/14"
"House of Cards: Season 2: Chapter 16","4/12/14"
"House of Cards: Season 2: Chapter 15","4/12/14"
"House of Cards: Season 2: Chapter 14","4/11/14"
"House of Cards: Season 1 (Recap)","4/11/14"
"Rent","4/4/14"
"Archer: Season 3: Bloody Ferlin","3/5/14"
"The Avengers","12/8/13"
"Robot Chicken: Season 1: Joint Point","10/25/13"
"Robot Chicken: Season 1: Atta Toy","10/25/13"
"Archer: Season 3: The Limited","10/20/13"
"Orange Is the New Black: Season 1: Can't Fix Crazy","10/20/13"
"Orange Is the New Black: Season 1: Fool Me Once","10/19/13"
"Orange Is the New Black: Season 1: Tall Men with Feelings","10/19/13"
"Orange Is the New Black: Season 1: Bora Bora Bora","10/19/13"
"Orange Is the New Black: Season 1: F*cksgiving","10/19/13"
"Orange Is the New Black: Season 1: Moscow Mule","10/19/13"
"Orange Is the New Black: Season 1: Blood Donut","10/17/13"
"Orange Is the New Black: Season 1: WAC Pack","10/17/13"
"Orange Is the New Black: Season 1: The Chickening","10/17/13"
"Orange Is the New Black: Season 1: Imaginary Enemies","10/12/13"
"Orange Is the New Black: Season 1: Lesbian Request Denied","10/12/13"
"Orange Is the New Black: Season 1: Tit Punch","10/12/13"
"Orange Is the New Black: Season 1: I Wasn't Ready","10/12/13"
"House of Cards: Season 1: Chapter 13","10/10/13"
"House of Cards: Season 1: Chapter 12","10/8/13"
"House of Cards: Season 1: Chapter 11","10/8/13"
"House of Cards: Season 1: Chapter 10","10/6/13"
"House of Cards: Season 1: Chapter 9","10/6/13"
"House of Cards: Season 1: Chapter 8","10/5/13"
"House of Cards: Season 1: Chapter 7","10/5/13"
"House of Cards: Season 1: Chapter 6","10/5/13"
"House of Cards: Season 1: Chapter 5","10/4/13"
"House of Cards: Season 1: Chapter 4","10/4/13"
"House of Cards: Season 1: Chapter 3","10/4/13"
"House of Cards: Season 1: Chapter 2","10/4/13"
"House of Cards: Season 1: Chapter 1","10/4/13"
"Scrubs: Season 7: My Waste of Time","9/20/13"
"Scrubs: Season 7: My Dumb Luck","9/20/13"
"Scrubs: Season 7: My Manhood","9/20/13"
"Blue Mountain State: Season 3: Superstition","9/14/13"
"Blue Mountain State: Season 3: Blackout","9/14/13"
